fiscalDateEnding,Balance Sheet_totalNonCurrentAssets,Balance Sheet_intangibleAssets,Balance Sheet_goodwill,Balance Sheet_investments,Balance Sheet_otherCurrentAssets,Balance Sheet_totalCurrentLiabilities,Balance Sheet_shortTermDebt,Balance Sheet_totalNonCurrentLiabilities,Balance Sheet_longTermDebt,Balance Sheet_shortLongTermDebtTotal,Balance Sheet_otherCurrentLiabilities,Balance Sheet_totalShareholderEquity,Balance Sheet_retainedEarnings,Balance Sheet_commonStock,Balance Sheet_commonStockSharesOutstanding,Cash Flow_operatingCashflow,Cash Flow_changeInOperatingAssets,Cash Flow_depreciationDepletionAndAmortization,Cash Flow_capitalExpenditures,Cash Flow_profitLoss,Cash Flow_cashflowFromInvestment,Cash Flow_cashflowFromFinancing,Cash Flow_paymentsForRepurchaseOfCommonStock,Cash Flow_paymentsForRepurchaseOfEquity,Cash Flow_proceedsFromRepurchaseOfEquity,Cash Flow_netIncome,Ticker,Balance Sheet_propertyPlantEquipment,Balance Sheet_totalLiabilities,Balance Sheet_currentNetReceivables,Income Statement_ebitda,Income Statement_interestExpense,Income Statement_operatingExpenses,Income Statement_depreciationAndAmortization,Income Statement_operatingIncome,Income Statement_incomeBeforeTax,Income Statement_incomeTaxExpense,Income Statement_interestAndDebtExpense,Income Statement_costofGoodsAndServicesSold,Income Statement_netIncomeFromContinuingOperations,Income Statement_comprehensiveIncomeNetOfTax,Income Statement_netInterestIncome,Income Statement_ebit,Income Statement_costOfRevenue,Income Statement_totalRevenue,Income Statement_netIncome,Balance Sheet_totalAssets,Income Statement_grossProfit,Balance Sheet_totalCurrentAssets,Balance Sheet_cashAndCashEquivalentsAtCarryingValue,Balance Sheet_cashAndShortTermInvestments
2024-09-30,236095000000,195822000000,63432000000,1479000000,15616000000.0,40658000000,0,234801000000,126375000000,146343000000,2027000000,102351000000,-185000000,7621000000.0,7202000000,10235000000,558000000,5087000000,5302000000,145000000,-5150000000,-5562000000,43000000,43000000,-41000000,-174000000,T,127964000000,275459000000,9068000000,8177000000,1675000000,6958000000,5087000000.0,2116000000,1111000000,1285000000,1675000000.0,11630000000,145000000,-966000000,-1675000000.0,2116000000,13655000000,30213000000,-174000000,393719000000,16558000000,29799000000,2586000000,2586000000
2024-06-30,240495000000,200410000000,67854000000,1753000000,15273000000.0,42429000000,2693000000,234273000000,125355000000,2693000000,2026000000,105310000000,2000000,7621000000.0,7196000000,9093000000,-138000000,5072000000,4360000000,3949000000,-4016000000,-5478000000,2000000,2000000,-2000000,3597000000,T,127772000000,276702000000,9686000000,11909000000,1699000000,7043000000,5072000000.0,5760000000,4739000000,1142000000,1699500000.0,11442000000,3949000000,2870000000,-1699000000.0,6438000000,13670000000,29797000000,3597000000,398026000000,16127000000,29868000000,3093000000,3093000000
2024-03-31,241215000000,200558000000,67854000000,2079000000,15221000000.0,44834000000,2430000000,233999000000,125704000000,2430000000,2088000000,104540000000,-1570000000,7621000000.0,7192000000,7547000000,-1141000000,5047000000,3758000000,3751000000,-2961000000,-7815000000,157000000,157000000,-157000000,3445000000,T,127851000000,278833000000,9577000000,11651000000,1724000000,7493000000,5047000000.0,5847000000,4563000000,1118000000,1724000000.0,11954000000,3751000000,3312000000,-1724000000.0,6287000000,13832000000,30028000000,3445000000,399428000000,16196000000,30445000000,3520000000,3520000000
2023-12-31,248470000000,206521000000,67854000000,2479000000,17270000000.0,51127000000,2091000000,236518000000,133402000000,135493000000,0,103297000000,-5015000000,7621000000.0,7190000000,7853000000,1790000000,4766000000,4601000000,2582000000,-5874000000,-2591000000,4000000,4000000,-3000000,2188000000,T,128489000000,324099000000,10289000000,4322000000,1726000000,8549000000,54000000.0,5271000000,2542000000,354000000,1726000000.0,13911000000,2135000000,1943000000,-1726000000.0,4268000000,55963000000,32022000000,2188000000,407060000000,32022000000,36458000000,6722000000,6722000000
2023-09-30,242700000000,200299000000,67854000000,3023000000,16598000000.0,51684000000,4575000000,235187000000,126701000000,4575000000,0,103703000000,-7203000000,7621000000.0,7185000000,10336000000,1218000000,4705000000,4647000000,3826000000,-4545000000,-7754000000,1000000,1000000,-1000000,3495000000,T,128496000000,308139000000,8962000000,6370000000,1662000000,7264000000,59000000.0,5782000000,4649000000,1154000000,1662000000.0,12054000000,3444000000,3735000000,-1662000000.0,6311000000,160000000,30350000000,3495000000,406698000000,30190000000,35620000000,7540000000,7540000000
2023-06-30,243091000000,198242000000,67854000000,3993000000,15492000000.0,54159000000,4619000000,236249000000,128012000000,4619000000,0,101903000000,-10698000000,7621000000.0,7180000000,9922000000,-1464000000,4675000000,4270000000,4762000000,-5423000000,2181000000,1000000,1000000,-1000000,4489000000,T,128783000000,312234000000,9304000000,7562000000,1608000000,7071000000,62000000.0,6406000000,5892000000,1403000000,1608000000.0,11827000000,4437000000,4440000000,-1608000000.0,7500000000,13842000000,29917000000,4489000000,408453000000,16075000000,36672000000,9528000000,9528000000
2023-03-31,242632000000,197743000000,67895000000,4024000000,14077000000.0,58150000000,3258000000,234377000000,123727000000,3258000000,3922000000,99396000000,-15187000000,7621000000.0,7168000000,6678000000,-984000000,4631000000,4335000000,4453000000,-3818000000,-3711000000,188000000,188000000,-185000000,4228000000,T,128458000000,318392000000,10214000000,7307000000,1708000000,7709000000,57000000.0,6002000000,5542000000,1314000000,1708000000.0,12331000000,4176000000,3816000000,-1708000000.0,7250000000,13905000000,30139000000,4228000000,400873000000,16234000000,29903000000,2821000000,2821000000
2022-12-31,248950000000,203814000000,67895000000,4665000000,14818000000.0,56173000000,866000000,240223000000,133207000000,134073000000,130000000,97500000000,-19415000000,7621000000.0,7157000000,-44212000000,169000000,4595000000,4229000000,-23155000000,-3823000000,-2793000000,15000000,15000000,-13000000,-23517000000,T,127445000000,337878000000,11466000000,-21979000000,1560000000,32925000000,55000000.0,-21092000000,-23594000000,-77000000,1560000000.0,13571000000,-23536000000,-23624000000,-1560000000.0,-22034000000,38955000000,31343000000,-23517000000,402853000000,31343000000,33108000000,3701000000,3701000000
2022-09-30,267193000000,221943000000,92725000000,5106000000,14553000000.0,52257000000,2161000000,234228000000,131319000000,133480000000,3705000000,122406000000,6127000000,7621000000.0,7153000000,8513000000,1081000000,4514000000,5921000000,6399000000,-5543000000,-923000000,3000000,3000000,-3000000,6026000000,T,127045000000,312399000000,11384000000,8409000000,1420000000,7257000000,55000000.0,6012000000,6934000000,908000000,1420000000.0,12201000000,5924000000,6592000000,-1420000000.0,8354000000,14018000000,30043000000,6026000000,426463000000,16025000000,32295000000,2423000000,2423000000
2022-06-30,266911000000,221674000000,92746000000,5721000000,15849000000.0,49189000000,2860000000,241937000000,133097000000,135957000000,3603000000,117746000000,2128000000,7621000000.0,7169000000,8987000000,-4792000000,4450000000,4908000000,4537000000,-3788000000,-32523000000,675000000,675000000,-673000000,4157000000,T,125135000000,316944000000,11377000000,7217000000,1502000000,7314000000,49000000.0,4956000000,5666000000,1509000000,1502000000.0,12341000000,4319000000,3174000000,-1502000000.0,7168000000,14121000000,29643000000,4157000000,426433000000,15522000000,34485000000,4018000000,4018000000
2022-03-31,320191000000,258806000000,133247000000,7228000000,17920000000.0,82494000000,8069000000,308145000000,180225000000,8069000000,5183000000,169036000000,45041000000,7621000000.0,7184000000,5732000000,3489000000,4462000000,4568000000,5164000000,-12651000000,24251000000,197000000,197000000,-171000000,4810000000,T,127159000000,420433000000,17218000000,7923000000,1626000000,9875000000,47000000.0,5537000000,6250000000,1440000000,1722000000.0,17557000000,4747000000,4571000000,-1722000000.0,7876000000,16621000000,29712000000,4810000000,577195000000,21484000000,76856000000,17084000000,38565000000
2021-12-31,377469000000,323073000000,92740000000,8658000000,16131000000.0,106230000000,16686000000,282179000000,167476000000,184162000000,3966000000,166332000000,42350000000,7621000000.0,7171000000,11254000000,5235000000,4500000000,3494000000,5390000000,-4756000000,-6587000000,11000000,11000000,56000000,5043000000,T,121649000000,412340000000,17571000000,11954000000,1626000000,14722000000,4346000000.0,4894000000,5982000000,939000000,1663000000.0,19795000000,4802000000,6229000000,-1663000000.0,7608000000,21775000000,31095000000,5043000000,551622000000,31095000000,170768000000,19223000000,21169000000
2021-09-30,313275000000,258424000000,133663000000,10055000000,16568000000.0,81601000000,6576000000,284203000000,179161000000,185737000000,4991000000,163771000000,41091000000,7621000000.0,7171000000,9866000000,6301000000,4457000000,4470000000,6273000000,3298000000,-3735000000,6000000,6000000,-2000000,5918000000,T,124419000000,395980000000,16304000000,8900000000,1627000000,9266000000,59000000.0,6237000000,7214000000,1296000000,1667000000.0,17826000000,4613000000,5142000000,-1667000000.0,8841000000,16915000000,31326000000,5918000000,547107000000,23007000000,57230000000,18485000000,21270000000
2021-06-30,306929000000,235324000000,134626000000,3273000000,32419000000.0,82126000000,6571000000,282738000000,179783000000,186354000000,4932000000,162296000000,38947000000,7621000000.0,7168000000,10910000000,2803000000,4429000000,3548000000,1874000000,-3779000000,-6583000000,9000000,9000000,13000000,1570000000,T,123591000000,395084000000,15771000000,4431000000,1640000000,9431000000,70000000.0,7572000000,2721000000,1151000000,1684000000.0,21099000000,5526000000,490000000,-1684000000.0,4361000000,17586000000,35740000000,1570000000,544710000000,26459000000,62869000000,11869000000,11869000000
2021-03-31,307705000000,236499000000,135168000000,3209000000,31094000000.0,76608000000,7078000000,265532000000,180199000000,187277000000,5029000000,165488000000,41154000000,7621000000.0,7161000000,9927000000,2767000000,5809000000,4033000000,7942000000,-26852000000,18483000000,176000000,176000000,-113000000,7550000000,T,124607000000,372499000000,16971000000,11611000000,1870000000,9772000000,69000000.0,7194000000,9672000000,2122000000,1870000000.0,21087000000,7143000000,7419000000,-1870000000.0,11542000000,17444000000,35877000000,7550000000,546985000000,26495000000,62754000000,11342000000,11342000000
2020-12-31,373263000000,322833000000,92812000000,3259000000,18358000000.0,63438000000,0,260881000000,155209000000,155209000000,6176000000,161673000000,37457000000,7621000000.0,7148000000,10082000000,5339000000,986000000,1407000000,-13515000000,178000000,-10239000000,15000000,15000000,67000000,-13883000000,T,121104000000,370100000000,20215000000,-5712000000,1696000000,26949000000,8310000000.0,-8778000000,-15718000000,-1835000000,1894000000.0,22910000000,-12879000000,-10202000000,-1894000000.0,-14022000000,34664000000,16981000000,-13883000000,525761000000,11027000000,52008000000,7924000000,9740000000
2020-09-30,308177000000,259608000000,143688000000,3849000000,19414000000.0,59565000000,1754000000,261876000000,158878000000,160632000000,5862000000,175553000000,55094000000,7621000000.0,7147000000,12123000000,2445000000,7030000000,3851000000,3168000000,-3448000000,-15857000000,3000000,3000000,1000000,2816000000,T,128722000000,352842000000,19379000000,5630000000,1972000000,9415000000,76000000.0,6132000000,3582000000,766000000,1972000000.0,19839000000,3168000000,3336000000,-1972000000.0,5554000000,17790000000,42340000000,2816000000,538553000000,24550000000,49971000000,9758000000,9758000000
2020-06-30,438455000000,260866000000,143651000000,3824000000,19048000000.0,69469000000,3001000000,262746000000,168964000000,171965000000,5723000000,175896000000,56045000000,7621000000.0,7145000000,12059000000,1498000000,7285000000,4466000000,1563000000,-5256000000,188000000,17000000,17000000,9000000,1281000000,T,128945000000,363642000000,19127000000,4330000000,2041000000,12223000000,73000000.0,3532000000,2216000000,935000000,2041000000.0,17983000000,1563000000,1795000000,-2041000000.0,4257000000,20339000000,40950000000,1281000000,547898000000,20611000000,56555000000,16941000000,16941000000
2020-03-31,441272000000,261831000000,145546000000,5120000000,21241000000.0,69704000000,3144000000,258617000000,147202000000,3144000000,5960000000,177779000000,58534000000,7621000000.0,7187000000,8866000000,1572000000,7222000000,4966000000,4963000000,-5022000000,-6099000000,5463000000,5463000000,-1536000000,4610000000,T,128921000000,359308000000,19908000000,7997000000,2018000000,9570000000,67000000.0,7486000000,5912000000,1302000000,2018000000.0,19281000000,4963000000,-1245000000,-2018000000.0,7930000000,17132000000,42779000000,4610000000,545354000000,25647000000,52704000000,9955000000,9955000000
2019-12-31,533792000000,350390000000,146241000000,5139000000,18364000000.0,68911000000,4000000,258852000000,161109000000,161113000000,6124000000,184221000000,57936000000,7621000000.0,7313000000,11943000000,3206000000,6961000000,3792000000,2704000000,-3688000000,-2742000000,2008000000,2008000000,-343000000,2394000000,T,130128000000,368233000000,22636000000,12877000000,2049000000,19065000000,8000000000.0,5321000000,2828000000,434000000,2049000000.0,22736000000,5321000000,5727000000,-2049000000.0,4877000000,26791000000,46821000000,2394000000,551669000000,46821000000,54761000000,9702000000,12130000000
2019-09-30,446605000000,264192000000,146106000000,5517000000,19693000000.0,68126000000,2443000000,206269000000,153568000000,2443000000,6097000000,183049000000,59347000000,7621000000.0,7327000000,11389000000,4952000000,6949000000,5301000000,3949000000,-5703000000,-7558000000,169000000,169000000,-48000000,3700000000,T,131316000000,306233000000,22921000000,6787000000,2083000000,9651000000,67000000.0,7901000000,4637000000,937000000,2083000000.0,20154000000,3949000000,2548000000,-2083000000.0,6720000000,18255000000,44588000000,3700000000,548796000000,26333000000,50695000000,6588000000,6588000000
2019-06-30,426227000000,267071000000,146662000000,5164000000,14973000000.0,66376000000,3168000000,265889000000,157790000000,3168000000,5734000000,184257000000,59389000000,7621000000.0,7323000000,14284000000,1266000000,7101000000,5421000000,3974000000,-1898000000,-10362000000,51000000,51000000,237000000,3713000000,T,132074000000,344652000000,22381000000,7031000000,2149000000,9844000000,70000000.0,7500000000,4812000000,1099000000,2149000000.0,20512000000,3974000000,2657000000,-2149000000.0,6961000000,18565000000,44957000000,3713000000,546914000000,26392000000,47218000000,8423000000,8423000000
2019-03-31,430660000000,268167000000,146434000000,7219000000,14575000000.0,64652000000,2957000000,270528000000,163942000000,2957000000,5956000000,185112000000,59424000000,7621000000.0,7313000000,11052000000,616000000,7206000000,5121000000,4348000000,-5401000000,-4421000000,189000000,189000000,-22000000,4096000000,T,132051000000,348035000000,23863000000,7326000000,2141000000,10241000000,66000000.0,7233000000,5119000000,1023000000,2141000000.0,20739000000,4348000000,4192000000,-2141000000.0,7260000000,18234000000,44827000000,4096000000,548384000000,-20375000000,46472000000,6516000000,6516000000
2024-12-31,291396000000,31885000000,31885000000,181545000000,15714000000.0,89122000000,2300000000,36050000000,12000000000,14300000000,67317000000,325084000000,245084000000,82030000000.0,12211000000,39113000000,3633000000,4618000000,14276000000,26536000000,-16180000000,-19036000000,15551000000,15551000000,-15551000000,26536000000,GOOG,171036000000,125172000000,52340000000,30972000000,51000000,25297000000,3985000000.0,30972000000,32243000000,5707000000,53000000.0,40613000000,26536000000,24964000000,1035000000.0,30972000000,40613000000,95395000000,26536000000,450256000000,54782000000,163711000000,23466000000,95657000000
2024-09-30,274978000000,31935000000,31935000000,180393000000,15207000000.0,80803000000,1000000000,35344000000,10499000000,879000000,63248000000,314119000000,235317000000,82030000000.0,12264000000,30698000000,2233000000,3985000000,13061000000,26301000000,-18011000000,-20094000000,15291000000,15291000000,-15291000000,26301000000,GOOG,161270000000,116147000000,49104000000,35745000000,57000000,23273000000,3985000000.0,28521000000,31706000000,5405000000,54000000.0,36474000000,26301000000,28085000000,1189000000.0,28521000000,36474000000,88349000000,26301000000,430266000000,51875000000,157541000000,19959000000,93230000000
2024-06-30,255151000000,29185000000,29185000000,179152000000,14183000000.0,77913000000,0,36104000000,8900000000,-124000000,61418000000,300753000000,226033000000,12322000000.0,12322000000,26640000000,3589000000,3708000000,13186000000,23619000000,-2781000000,-20889000000,15684000000,15684000000,-15684000000,23619000000,GOOG,151155000000,114017000000,47087000000,31326000000,43000000,21810000000,3708000000.0,27425000000,27551000000,3932000000,67000000.0,35507000000,23619000000,23446000000,1023000000.0,27425000000,35507000000,84735000000,23619000000,414770000000,49228000000,161995000000,27225000000,100725000000
2024-03-31,245279000000,29183000000,29183000000,200943000000,12829000000.0,76997000000,0,37509000000,9000000000,-127000000,59026000000,292844000000,219770000000,12381000000.0,12381000000,28848000000,-2167000000,3413000000,12012000000,23662000000,-8564000000,-19714000000,15696000000,15696000000,-15696000000,23662000000,GOOG,143182000000,114506000000,44552000000,28885000000,94000000,21355000000,3413000000.0,25472000000,28315000000,4653000000,94000000.0,33712000000,23662000000,23225000000,-94000000.0,28409000000,33712000000,80374000000,23662000000,407350000000,46662000000,165471000000,24493000000,108090000000
2023-12-31,233962000000,29198000000,29198000000,203704000000,12650000000.0,81814000000,0,37199000000,13000000000,14862000000,64645000000,283379000000,211247000000,76534000000.0,12460000000,18915000000,5778000000,3316000000,11019000000,20687000000,-6167000000,-19308000000,16191000000,16191000000,-16191000000,20687000000,GOOG,134345000000,119013000000,47964000000,25260000000,69000000,26241000000,1563000000.0,23697000000,24412000000,3725000000,69000000.0,37575000000,20687000000,23321000000,-69000000.0,24481000000,37575000000,85069000000,20687000000,402392000000,47494000000,171530000000,24048000000,110916000000
2023-09-30,97154000000,30979000000,29146000000,209190000000,12398000000.0,86295000000,0,37214000000,10600000000,-133000000,68151000000,273202000000,205647000000,74591000000.0,12541000000,30656000000,4445000000,3171000000,8055000000,19689000000,-7150000000,-18382000000,15787000000,15787000000,-15787000000,19689000000,GOOG,125705000000,123509000000,41020000000,25143000000,116000000,22223000000,3800000000.0,21343000000,21197000000,1508000000,116000000.0,33229000000,19689000000,18644000000,-116000000.0,21313000000,33229000000,76307000000,19689000000,396711000000,43078000000,176310000000,30702000000,119935000000
2023-06-30,95440000000,31176000000,29210000000,214416000000,9421000000.0,77709000000,0,38194000000,11099000000,-137000000,65887000000,267141000000,200884000000,72248000000.0,12629000000,28666000000,3461000000,2824000000,6888000000,18368000000,-10800000000,-17835000000,14969000000,14969000000,-14969000000,18368000000,GOOG,121208000000,115903000000,38804000000,26120000000,43000000,20920000000,4282000000.0,21838000000,21903000000,3535000000,43000000.0,31916000000,18368000000,18377000000,-43000000.0,21946000000,31916000000,74383000000,18368000000,383044000000,42467000000,168788000000,25929000000,118332000000
2023-03-31,92466000000,30962000000,28994000000,208310000000,8532000000.0,68854000000,0,39743000000,11199000000,-140000000,58330000000,260894000000,196625000000,70269000000.0,12722000000,23509000000,-3708000000,2635000000,6289000000,15051000000,-2946000000,-16568000000,14557000000,14557000000,-14557000000,15051000000,GOOG,117560000000,108597000000,36036000000,21597000000,80000000,24318000000,4182000000.0,17415000000,18205000000,3154000000,80000000.0,30612000000,15051000000,16654000000,-80000000.0,18285000000,30612000000,69686000000,15051000000,369491000000,39074000000,161985000000,25924000000,115102000000
2022-12-31,202772000000,31044000000,28960000000,212885000000,10775000000.0,69300000000,0,39820000000,15312000000,15312000000,51006000000,256144000000,195563000000,68184000000.0,12849000000,23614000000,5393000000,4201000000,7595000000,13624000000,-6227000000,-17629000000,15407000000,15407000000,-15407000000,13624000000,GOOG,112668000000,109120000000,40258000000,23286000000,90000000,22546000000,5126000000.0,18160000000,17147000000,3523000000,90000000.0,35342000000,13624000000,14873000000,-90000000.0,17237000000,35342000000,74291000000,13624000000,365264000000,38949000000,164795000000,21879000000,113762000000
2022-09-30,85083000000,31026000000,28834000000,129424000000,10518000000.0,65979000000,0,38650000000,14653000000,-146000000,53806000000,253626000000,196220000000,66258000000.0,12971000000,23353000000,2744000000,4046000000,7276000000,13910000000,-833000000,-18097000000,15392000000,15392000000,-15392000000,13910000000,GOOG,108363000000,104629000000,36176000000,21894000000,101000000,20799000000,4759000000.0,17135000000,16233000000,2323000000,101000000.0,31158000000,13910000000,10886000000,-101000000.0,16334000000,31158000000,69420000000,13910000000,358255000000,38262000000,166109000000,21984000000,116259000000
2022-06-30,77991000000,25326000000,23949000000,142135000000,8321000000.0,61354000000,0,38412000000,12850000000,-150000000,51376000000,255419000000,196845000000,64402000000.0,13078000000,19422000000,2814000000,3899000000,6828000000,16002000000,-4187000000,-17817000000,15197000000,15197000000,-15197000000,16002000000,GOOG,106223000000,99766000000,37073000000,24297000000,83000000,20128000000,4844000000.0,19453000000,19014000000,3012000000,83000000.0,30104000000,16002000000,14223000000,-83000000.0,19097000000,30104000000,69743000000,16002000000,355185000000,39639000000,172371000000,17936000000,124997000000
2022-03-31,76425000000,24323000000,23010000000,147340000000,6892000000.0,61948000000,0,41144000000,14791000000,-153000000,53047000000,254004000000,195221000000,62832000000.0,658763000,25106000000,-3588000000,3782000000,9786000000,16436000000,-9051000000,-16214000000,13300000000,13300000000,-13300000000,16436000000,GOOG,104218000000,103092000000,35622000000,24309000000,83000000,18318000000,4215000000.0,20094000000,18934000000,2498000000,83000000.0,29599000000,16436000000,14010000000,-83000000.0,19017000000,29599000000,68059000000,16436000000,357096000000,38460000000,177853000000,20886000000,133970000000
2021-12-31,172625000000,24373000000,22956000000,152164000000,8020000000.0,64254000000,0,43379000000,15440000000,15440000000,52740000000,251635000000,191484000000,61774000000.0,662121000,24934000000,6218000000,3439000000,6383000000,20642000000,-11016000000,-16511000000,13473000000,13473000000,-13473000000,20642000000,GOOG,97599000000,107633000000,40270000000,25643000000,117000000,20452000000,3439000000.0,21885000000,24402000000,3760000000,117000000.0,32988000000,20642000000,19427000000,-117000000.0,24519000000,32988000000,75140000000,20642000000,359268000000,42152000000,188143000000,20945000000,139649000000
2021-09-30,70162000000,24172000000,22623000000,146960000000,6029000000.0,61782000000,0,41054000000,12300000000,-159000000,52097000000,244567000000,183782000000,61193000000.0,664682000,25539000000,3664000000,3304000000,6819000000,18936000000,-10050000000,-15254000000,12610000000,12610000000,-12610000000,18936000000,GOOG,94631000000,102836000000,34800000000,24426000000,77000000,16466000000,3304000000.0,21031000000,23064000000,4128000000,77000000.0,27621000000,18936000000,18338000000,-77000000.0,23141000000,27621000000,64928000000,18936000000,347403000000,37307000000,184110000000,23719000000,142003000000
2021-06-30,69593000000,24032000000,22406000000,140465000000,6076000000.0,55741000000,0,42081000000,12400000000,-163000000,46281000000,237565000000,176939000000,60436000000.0,667637000,21890000000,3860000000,2945000000,5496000000,18525000000,-9074000000,-15991000000,12796000000,12796000000,-12796000000,18525000000,GOOG,91697000000,97822000000,32851000000,22174000000,76000000,16292000000,2945000000.0,19361000000,21985000000,3460000000,76000000.0,26227000000,18525000000,18718000000,-76000000.0,22061000000,26227000000,61880000000,18525000000,335387000000,35653000000,175697000000,23630000000,135863000000
2021-03-31,68952000000,24164000000,22341000000,142520000000,7646000000.0,55453000000,0,41629000000,14000000000,-165000000,46074000000,230013000000,170580000000,59436000000.0,671094000,19289000000,-2801000000,2753000000,5942000000,17930000000,-5383000000,-13606000000,11395000000,11395000000,-11395000000,17930000000,GOOG,87606000000,97082000000,28499000000,19248000000,76000000,14774000000,2753000000.0,16437000000,21283000000,3353000000,76000000.0,24103000000,17930000000,17294000000,-76000000.0,21359000000,24103000000,55314000000,17930000000,327095000000,31211000000,172137000000,26622000000,135104000000
2020-12-31,146720000000,22620000000,21175000000,138984000000,5490000000.0,56834000000,0,40238000000,15319000000,15319000000,47008000000,222544000000,163401000000,58510000000.0,675222000,22677000000,6183000000,3725000000,5479000000,15227000000,-7281000000,-9270000000,7904000000,7904000000,-7904000000,15227000000,GOOG,84749000000,97072000000,31384000000,19292000000,53000000,15167000000,3725000000.0,15651000000,18689000000,3462000000,53000000.0,26080000000,15227000000,15814000000,-53000000.0,18742000000,26080000000,56118000000,15227000000,319616000000,30038000000,174296000000,26465000000,136694000000
2020-09-30,134874000000,22390000000,20870000000,134397000000,5425000000.0,48200000000,0,38123000000,14899000000,-173000000,39972000000,212920000000,155567000000,57307000000.0,677724000,17003000000,3834000000,3478000000,5406000000,11247000000,-15197000000,546000000,7897000000,7897000000,-7897000000,11247000000,GOOG,81636000000,86323000000,25513000000,14954000000,48000000,13843000000,3478000000.0,11213000000,13359000000,2112000000,48000000.0,21117000000,11247000000,11589000000,-48000000.0,13407000000,21117000000,46130000000,11247000000,299243000000,25013000000,164369000000,20129000000,132596000000
2020-06-30,129423000000,22521000000,20824000000,122355000000,5579000000.0,43658000000,0,27512000000,5297000000,-37000000,36117000000,207322000000,151681000000,55937000000.0,681215000,13993000000,324000000,3386000000,5391000000,6959000000,-8448000000,-7498000000,6852000000,6852000000,-6852000000,6959000000,GOOG,78748000000,71170000000,21595000000,9926000000,13000000,13361000000,3386000000.0,6383000000,8277000000,1318000000,13000000.0,18553000000,6959000000,7760000000,-13000000.0,8290000000,18553000000,38297000000,6959000000,278492000000,19744000000,149069000000,17742000000,121080000000
2020-03-31,126385000000,22574000000,20734000000,114470000000,5165000000.0,40189000000,0,19079000000,5512000000,-40000000,32840000000,203659000000,151068000000,53688000000.0,683972000,11451000000,-2487000000,3108000000,6005000000,6836000000,-1847000000,-8186000000,8496000000,8496000000,-8496000000,6836000000,GOOG,87966000000,69744000000,23735000000,11769000000,21000000,14200000000,3108000000.0,7977000000,7757000000,921000000,21000000.0,18982000000,6836000000,6971000000,-21000000.0,7778000000,18982000000,41159000000,6836000000,273403000000,22177000000,147018000000,19644000000,117229000000
2019-12-31,123331000000,22603000000,20624000000,119195000000,4412000000.0,45221000000,0,19032000000,4685000000,4685000000,36553000000,201442000000,152122000000,50552000000.0,688335000,14427000000,4199000000,3413000000,6052000000,10671000000,-4703000000,-7326000000,6098000000,6098000000,-6098000000,10671000000,GOOG,73646000000,74467000000,27492000000,13695000000,17000000,15789000000,3413000000.0,9266000000,10704000000,33000000,17000000.0,21020000000,10671000000,10635000000,-17000000.0,10721000000,21020000000,45569000000,10671000000,275909000000,24855000000,152578000000,18498000000,119675000000
2019-09-30,114686000000,19816000000,18069000000,124290000000,4699000000.0,39224000000,0,19185000000,3956000000,-44000000,9191000000,194969000000,147125000000,49040000000.0,690906000,15466000000,612000000,2920000000,6732000000,7068000000,-8945000000,-6954000000,5696000000,5696000000,-5696000000,7068000000,GOOG,69252000000,68075000000,21081000000,13009000000,23000000,13754000000,2920000000.0,9177000000,8628000000,1560000000,23000000.0,17568000000,7068000000,6963000000,-23000000.0,8651000000,17568000000,40503000000,7068000000,263044000000,22935000000,148358000000,16032000000,121177000000
2019-06-30,109664000000,19902000000,18000000000,222621000000,4100000000.0,37000000000,0,18821000000,3954000000,-46000000,9521000000,192192000000,145346000000,47937000000.0,694050000,12627000000,1057000000,2835000000,6126000000,9947000000,-10455000000,-4746000000,3577000000,3577000000,-3577000000,9947000000,GOOG,64891000000,64909000000,21317000000,12262000000,25000000,12468000000,2835000000.0,9180000000,12147000000,2200000000,25000000.0,17296000000,9947000000,10636000000,-25000000.0,12172000000,17296000000,39045000000,9947000000,257101000000,21749000000,147437000000,16587000000,121056000000
2019-03-31,107142000000,20006000000,17943000000,204944000000,4406000000.0,34910000000,0,17479000000,3952000000,-48000000,9388000000,183472000000,138720000000,46532000000.0,694782000,12000000000,-907000000,2613000000,4638000000,6657000000,-5388000000,-4183000000,3025000000,3025000000,-3025000000,6657000000,GOOG,60528000000,61877000000,19260000000,11336000000,35000000,12022000000,2613000000.0,6608000000,8146000000,1489000000,35000000.0,16012000000,6657000000,7213000000,-35000000.0,8181000000,16012000000,36339000000,6657000000,245349000000,20327000000,138207000000,19148000000,113488000000
2024-09-30,169222000000,119089000000,91272000000,31744000000,3835000000.0,84627000000,800000000,84198000000,174000000,974000000,61292000000,74944000000,62038000000,18000000.0,1258000000,-745000000,3975000000,1161000000,670000000,71000000,-3347000000,-1588000000,-1000000,-1000000,115000000,87000000,CVS,12728000000,177321000000,42911000000,1339000000,752000000,12005000000,507000000.0,832000000,121000000,34000000,752000000.0,52948000000,71000000,615000000,-752000000.0,832000000,114240000000,95428000000,87000000,252427000000,-18812000000,67343000000,6875000000,9680000000
2024-06-30,166569000000,119583000000,91272000000,28783000000,5237000000.0,81386000000,0,87758000000,178000000,178000000,61328000000,74930000000,62797000000,18000000.0,1256000000,3089000000,-662000000,1151000000,638000000,1768000000,-1625000000,1249000000,-3000000,-3000000,28000000,1770000000,CVS,13032000000,177370000000,37019000000,3552000000,732000000,10947000000,507000000.0,3045000000,2339000000,569000000,732000000.0,49998000000,1768000000,1792000000,-732000000.0,3045000000,106313000000,91234000000,1770000000,252481000000,-15079000000,69952000000,12507000000,16262000000
2024-03-31,166217000000,120042000000,91272000000,27362000000,5821000000.0,83319000000,2719000000,83825000000,57694000000,2719000000,61246000000,73968000000,61873000000,18000000.0,1252000000,4903000000,-1832000000,1138000000,705000000,1124000000,-2094000000,-1227000000,3027000000,3027000000,-2824000000,1113000000,CVS,13037000000,175593000000,35747000000,2793000000,716000000,10958000000,508000000.0,2271000000,1569000000,456000000,716000000.0,48073000000,1124000000,1069000000,-716000000.0,2285000000,48720000000,88437000000,1113000000,249743000000,39717000000,67473000000,9801000000,13089000000
2023-12-31,166905000000,120506000000,91272000000,26278000000,3151000000.0,79189000000,200000000,85194000000,121324000000,121524000000,59579000000,76461000000,61604000000,18000000.0,1288000000,-2636000000,2404000000,1134000000,911000000,2047000000,-1242000000,-972000000,-1000000,-1000000,36000000,2046000000,CVS,11954000000,173092000000,39121000000,3982000000,690000000,42333000000,588000000.0,3373000000,2704000000,658000000,690000000.0,57419000000,2047000000,2753000000,-690000000.0,3394000000,232483000000,93813000000,2046000000,249728000000,-138670000000,67858000000,8196000000,11455000000
2023-09-30,178199000000,120885000000,91261000000,24812000000,3074000000.0,81553000000,3873000000,86710000000,190000000,190000000,6188000000,74337000000,60343000000,18000000.0,1287000000,2716000000,3216000000,1127000000,545000000,2265000000,-771000000,-2697000000,-3000000,-3000000,125000000,2261000000,CVS,13022000000,176796000000,35530000000,4217000000,693000000,614000000,509000000.0,3690000000,3015000000,754000000,693000000.0,54688000000,2265000000,2115000000,-693000000.0,3708000000,55302000000,89764000000,2261000000,251306000000,34462000000,70143000000,13043000000,16188000000
2023-06-30,179281000000,121378000000,91260000000,25194000000,3412000000.0,79206000000,1000000000,88937000000,194000000,1194000000,6485000000,72726000000,58868000000,18000000.0,1282000000,5908000000,-1261000000,1104000000,591000000,1914000000,-10362000000,3626000000,-2000000,-2000000,26000000,1901000000,CVS,13001000000,177069000000,32153000000,3728000000,686000000,1138000000,485000000.0,3234000000,2557000000,656000000,686000000.0,53536000000,1914000000,1918000000,-686000000.0,3243000000,54674000000,88921000000,1901000000,250071000000,34247000000,67756000000,13807000000,16887000000
2023-03-31,167623000000,110425000000,84057000000,24714000000,3767000000.0,75054000000,3457000000,83787000000,198000000,198000000,58934000000,71382000000,57753000000,18000000.0,1279000000,7438000000,1178000000,1001000000,984000000,2142000000,-8514000000,2726000000,2018000000,2018000000,-1922000000,2136000000,CVS,12872000000,167750000000,30651000000,3864000000,589000000,794000000,402000000.0,3446000000,2873000000,737000000,589000000.0,51455000000,2142000000,2525000000,-589000000.0,3462000000,52316000000,85278000000,2136000000,239330000000,32962000000,68706000000,14618000000,17720000000
2022-12-31,159581000000,102953000000,78150000000,23891000000,2636000000.0,69421000000,0,77888000000,102776000000,102776000000,47562000000,71469000000,56398000000,18000000.0,1300000000,-1952000000,2237000000,1066000000,688000000,2170000000,-119000000,-2187000000,1500000000,1500000000,-1459000000,2172000000,CVS,12873000000,156506000000,30725000000,3985000000,552000000,1542000000,489000000.0,3451000000,2944000000,772000000,552000000.0,51728000000,2284000000,1430000000,-552000000.0,3496000000,195983000000,83846000000,2172000000,228275000000,-112137000000,65633000000,12945000000,15723000000
2022-09-30,159768000000,103243000000,78086000000,23375000000,2479000000.0,72409000000,3050000000,78299000000,204000000,204000000,51926000000,70683000000,54571000000,18000000.0,1315000000,9123000000,192000000,1050000000,580000000,-3399000000,-805000000,-3218000000,0,0,162000000,-3406000000,CVS,12626000000,160201000000,28964000000,-3421000000,566000000,8164000000,464000000.0,-3919000000,-4451000000,-1045000000,566000000.0,50365000000,-3409000000,-3791000000,-566000000.0,-3885000000,53309000000,81159000000,-3406000000,231212000000,27850000000,68341000000,17197000000,19989000000
2022-06-30,164213000000,106695000000,78560000000,24001000000,2541000000.0,68457000000,5873000000,75889000000,210000000,210000000,43896000000,75184000000,58710000000,18000000.0,1312000000,5443000000,-176000000,1082000000,408000000,3039000000,-2130000000,-2461000000,0,0,51000000,3029000000,CVS,12764000000,154773000000,29741000000,5168000000,583000000,9171000000,466000000.0,4669000000,4119000000,1090000000,583000000.0,49290000000,2961000000,2489000000,-583000000.0,4702000000,49756000000,80636000000,3029000000,230279000000,30880000000,62142000000,12116000000,14993000000
2022-03-31,166976000000,107603000000,79060000000,25568000000,5530000000.0,69780000000,6066000000,77920000000,52063000000,75915000000,50896000000,73830000000,56488000000,17000000.0,1306000000,3563000000,2719000000,1049000000,1051000000,2355000000,-1993000000,-2650000000,2000000000,2000000000,-1703000000,2354000000,CVS,12844000000,158733000000,28981000000,4054000000,586000000,9876000000,468000000.0,3545000000,3000000000,646000000,586000000.0,45509000000,2313000000,1591000000,-586000000.0,3586000000,46018000000,76826000000,2354000000,232873000000,30808000000,61483000000,8442000000,11342000000
2021-12-31,168122000000,108147000000,79121000000,26142000000,5292000000.0,67807000000,5851000000,78322000000,111105000000,111105000000,43142000000,75075000000,54906000000,17000000.0,1322000000,4005000000,-468000000,1115000000,597000000,1296000000,-1440000000,-2914000000,0,0,109000000,1306000000,CVS,12896000000,157618000000,27820000000,2820000000,608000000,1670000000,632000000.0,2229000000,1580000000,274000000,697000000.0,46378000000,1308000000,1194000000,-608000000.0,2188000000,176568000000,76604000000,1306000000,232999000000,-99964000000,60008000000,9408000000,12525000000
2021-09-30,169181000000,108666000000,79121000000,25385000000,5319000000.0,64709000000,3370000000,83927000000,224000000,224000000,5731000000,74308000000,54264000000,17000000.0,1321000000,5521000000,1427000000,1134000000,608000000,1587000000,-847000000,-1930000000,0,0,110000000,1598000000,CVS,12771000000,160273000000,28050000000,3319000000,602000000,1012000000,561000000.0,3061000000,2156000000,558000000,965000000.0,45011000000,1587000000,1505000000,-602000000.0,2758000000,46023000000,73794000000,1598000000,234891000000,27771000000,60842000000,9826000000,12841000000
2021-06-30,169943000000,109632000000,79552000000,25142000000,5291000000.0,59311000000,1851000000,86674000000,59294000000,79654000000,5942000000,73244000000,53331000000,17000000.0,1318000000,5847000000,-425000000,1137000000,486000000,2791000000,-1107000000,-3327000000,0,0,118000000,2783000000,CVS,12664000000,157599000000,26410000000,4945000000,636000000,8869000000,582000000.0,4326000000,3727000000,944000000,636000000.0,43520000000,2791000000,2931000000,-636000000.0,4363000000,44142000000,72616000000,2783000000,231164000000,28474000000,56559000000,7119000000,10125000000
2021-03-31,169508000000,110191000000,79552000000,24215000000,5458000000.0,60104000000,252000000,86776000000,59270000000,252000000,5974000000,70850000000,51203000000,17000000.0,1313000000,2892000000,1437000000,1126000000,829000000,2224000000,-1867000000,-3185000000,0,0,212000000,2223000000,CVS,12611000000,158442000000,26305000000,4213000000,657000000,8922000000,587000000.0,3577000000,2969000000,746000000,657000000.0,40894000000,2224000000,1831000000,-657000000.0,3626000000,41522000000,69097000000,2223000000,229606000000,27575000000,55719000000,5598000000,8788000000
2020-12-31,169741000000,110694000000,79552000000,23812000000,5277000000.0,62017000000,0,87109000000,128708000000,128708000000,37007000000,69389000000,49640000000,17000000.0,1310000000,3567000000,-1611000000,1139000000,713000000,975000000,-1234000000,-3276000000,0,0,15000000,973000000,CVS,12606000000,161014000000,23940000000,2497000000,678000000,-22425000000,605000000.0,2524000000,1214000000,241000000,1352000000.0,42452000000,971000000,1132000000,2229000000.0,1892000000,155412000000,69554000000,973000000,230715000000,-85858000000,56369000000,7854000000,10854000000
2020-09-30,169170000000,111276000000,79579000000,23047000000,5830000000.0,62044000000,7232000000,89814000000,245000000,245000000,5491000000,68807000000,49328000000,17000000.0,1309000000,1874000000,1940000000,1114000000,534000000,1219000000,-1370000000,-6117000000,0,0,83000000,1224000000,CVS,12349000000,163786000000,26987000000,3129000000,731000000,8471000000,587000000.0,3249000000,1811000000,587000000,1497000000.0,40940000000,1219000000,1266000000,-731000000.0,2542000000,41584000000,67056000000,1224000000,232898000000,25472000000,59211000000,9256000000,12087000000
2020-06-30,168626000000,112282000000,80057000000,21190000000,6002000000.0,63694000000,9958000000,91537000000,251000000,251000000,5280000000,68022000000,48768000000,17000000.0,1307000000,7119000000,-1503000000,1102000000,448000000,2986000000,-1333000000,-978000000,0,0,12000000,2975000000,CVS,12221000000,167140000000,25321000000,5292000000,765000000,8668000000,578000000.0,4680000000,3949000000,974000000,765000000.0,40242000000,2986000000,3501000000,-765000000.0,4714000000,40890000000,65341000000,2975000000,235495000000,24451000000,62506000000,14869000000,17465000000
2020-03-31,167382000000,112720000000,79993000000,19472000000,6232000000.0,59560000000,255000000,74973000000,256000000,511000000,4884000000,65140000000,46455000000,17000000.0,1305000000,3305000000,3293000000,1086000000,742000000,2012000000,-1597000000,2675000000,0,0,154000000,2007000000,CVS,12146000000,165165000000,25875000000,4093000000,733000000,8563000000,586000000.0,3458000000,2774000000,767000000,733000000.0,40347000000,2012000000,1675000000,-733000000.0,3507000000,41002000000,66755000000,2007000000,230639000000,25753000000,58958000000,10081000000,12713000000
2019-12-31,167959000000,112870000000,79749000000,19687000000,5113000000.0,53303000000,0,74155000000,137138000000,137138000000,30140000000,63864000000,45108000000,17000000.0,1302000000,2634000000,1574000000,1096000000,567000000,1744000000,-709000000,-1244000000,0,0,27000000,1747000000,CVS,12044000000,158279000000,21998000000,3660000000,734000000,8654000000,589000000.0,3037000000,2337000000,590000000,734000000.0,42065000000,1745000000,1816000000,2301000000.0,3071000000,148676000000,66889000000,1747000000,222449000000,66889000000,50302000000,5683000000,8056000000
2019-09-30,168168000000,113203000000,79548000000,19676000000,4841000000.0,52544000000,1070000000,93080000000,69054000000,70124000000,4728000000,62614000000,44017000000,17000000.0,1301000000,2928000000,2217000000,1092000000,601000000,1529000000,-829000000,-2968000000,0,0,72000000,1530000000,CVS,11651000000,157180000000,21796000000,3497000000,747000000,8595000000,616000000.0,2928000000,2134000000,604000000,826000000.0,40437000000,1530000000,1796000000,-747000000.0,2881000000,41164000000,64810000000,1530000000,220113000000,23646000000,48185000000,5193000000,7527000000
2019-06-30,168532000000,113648000000,79485000000,19435000000,4691000000.0,49376000000,446000000,96252000000,66941000000,446000000,4695000000,61282000000,43136000000,17000000.0,1299000000,5338000000,1433000000,1072000000,573000000,1931000000,-910000000,-4258000000,0,0,10000000,1936000000,CVS,11483000000,157305000000,18926000000,3970000000,772000000,8042000000,602000000.0,3332000000,2596000000,660000000,772000000.0,38970000000,1935000000,2187000000,0.0,3368000000,39678000000,63431000000,1936000000,218904000000,23753000000,46901000000,6063000000,8525000000
2019-03-31,147111000000,114222000000,79075000000,18836000000,4578000000.0,50631000000,3005000000,78044000000,67888000000,3005000000,4669000000,59686000000,41859000000,17000000.0,1298000000,1948000000,-1377000000,1111000000,716000000,1427000000,-891000000,816000000,0,0,101000000,1421000000,CVS,11348000000,159762000000,20377000000,3337000000,782000000,8250000000,622000000.0,2690000000,1933000000,512000000,782000000.0,37247000000,1419000000,1752000000,0.0,2715000000,38017000000,61646000000,1421000000,219768000000,23629000000,47857000000,5896000000,8322000000
2024-12-31,194450000000,31676000000,23074000000,107985000000,2938000000.0,179431000000,151000000,165993000000,58000000000,58151000000,66965000000,285970000000,172866000000,111000000.0,10593000000,45636000000,3256000000,15631000000,27834000000,20004000000,-37443000000,-3308000000,0,0,0,20004000000,AMZN,252665000000,338924000000,55451000000,23012000000,570000000,41096000000,1809000000.0,21203000000,22329000000,2325000000,570000000.0,98893000000,20004000000,21888000000,653000000.0,21203000000,138089000000,187579000000,20004000000,624894000000,49490000000,190867000000,78779000000,101202000000
2024-09-30,174170000000,23081000000,23081000000,86332000000,2938000000.0,161477000000,88000000,170998000000,60500000000,60588000000,60602000000,259151000000,152862000000,110000000.0,10511000000,25971000000,6046000000,13442000000,22620000000,15328000000,-16899000000,-2758000000,0,0,0,15328000000,AMZN,237917000000,325475000000,51638000000,18451000000,603000000,14362000000,1040000000.0,17411000000,18034000000,2706000000,603000000.0,80977000000,15328000000,17403000000,653000000.0,17411000000,95339000000,158894000000,15328000000,584626000000,63555000000,175792000000,75091000000,88051000000
2024-06-30,160798000000,22879000000,22879000000,94290000000,5906000000.0,158172000000,76000000,166899000000,62683000000,62759000000,60351000000,236447000000,137534000000,110000000.0,10490000000,25281000000,6140000000,12038000000,17620000000,13485000000,-22138000000,-4490000000,0,0,0,13485000000,AMZN,220717000000,318371000000,50106000000,15620000000,589000000,14501000000,948000000.0,14672000000,15252000000,1767000000,589000000.0,73785000000,13485000000,13090000000,4500000.0,14672000000,88286000000,147839000000,13485000000,554818000000,59553000000,173307000000,71178000000,89092000000
2024-03-31,157036000000,22770000000,22770000000,83568000000,5568000000.0,152965000000,50000000,167743000000,66852000000,66902000000,63970000000,216661000000,124049000000,109000000.0,10403000000,18989000000,925000000,11684000000,14925000000,10431000000,-17862000000,-1256000000,0,0,0,10431000000,AMZN,209950000000,314308000000,47768000000,14483000000,644000000,13345000000,941000000.0,15307000000,12898000000,2467000000,644000000.0,72633000000,10431000000,9873000000,-644000000.0,13542000000,85978000000,142595000000,10431000000,530969000000,56617000000,163989000000,72852000000,85074000000
2023-12-31,159019000000,30476000000,22789000000,84312000000,6897000000.0,164917000000,147000000,166762000000,67182000000,67329000000,64709000000,201875000000,113618000000,109000000.0,10383000000,42465000000,9622000000,13820000000,14588000000,10644000000,-12601000000,-6746000000,0,0,0,10624000000,AMZN,204177000000,325979000000,52253000000,16461000000,713000000,39274000000,2082000000.0,13209000000,13666000000,3042000000,713000000.0,92553000000,10644000000,12587000000,-713000000.0,14379000000,129927000000,169328000000,10624000000,527854000000,39401000000,172351000000,73387000000,86780000000
2023-09-30,147431000000,22749000000,22749000000,64435000000,5320000000.0,145214000000,166000000,161396000000,67472000000,67638000000,58812000000,182973000000,102994000000,108000000.0,10330000000,21217000000,-808000000,12131000000,12479000000,9879000000,-11753000000,-8948000000,0,0,0,9879000000,AMZN,196468000000,303910000000,43420000000,14430000000,806000000,14551000000,1439000000.0,11188000000,12185000000,2306000000,806000000.0,75022000000,9879000000,8556000000,-806000000.0,12991000000,89573000000,142183000000,9879000000,486883000000,52610000000,142995000000,49605000000,64169000000
2023-06-30,143356000000,22785000000,22785000000,64292000000,9000000000.0,148238000000,1100000000,163467000000,67472000000,68572000000,64235000000,168602000000,93115000000,108000000.0,10313000000,16476000000,2373000000,11589000000,11455000000,6750000000,-9673000000,-6539000000,0,0,0,6750000000,AMZN,193784000000,309005000000,39925000000,9933000000,840000000,15486000000,1539000000.0,7681000000,7554000000,804000000,840000000.0,69373000000,6750000000,7043000000,-840000000.0,8394000000,84859000000,133552000000,6750000000,477607000000,48693000000,140482000000,49529000000,63970000000
2023-03-31,137417000000,22749000000,22749000000,65659000000,377000000.0,147570000000,1100000000,165082000000,69472000000,70572000000,66382000000,154526000000,86365000000,108000000.0,10258000000,4788000000,-371000000,11123000000,14207000000,3172000000,-15806000000,6354000000,0,0,0,3172000000,AMZN,190754000000,309852000000,37646000000,6489000000,823000000,15411000000,1546000000.0,4774000000,4120000000,948000000,823000000.0,67791000000,3172000000,3686000000,-823000000.0,4943000000,83202000000,126605000000,3172000000,464378000000,43403000000,136221000000,49343000000,64405000000
2022-12-31,135273000000,26385000000,20288000000,72154000000,358000000.0,155393000000,1200000000,164139000000,70542000000,71742000000,62566000000,146043000000,83193000000,108000000.0,10242000000,29173000000,-3180000000,12685000000,16592000000,-2720000000,-10821000000,86000000,0,0,0,278000000,AMZN,186715000000,316632000000,42360000000,1863000000,694000000,1360000000,2118000000.0,2737000000,-949000000,-1227000000,694000000.0,85640000000,-2720000000,2906000000,-694000000.0,-255000000,1360000000,148376000000,278000000,462675000000,-1360000000,146791000000,53888000000,70026000000
2022-09-30,119711000000,20168000000,20168000000,65881000000,36154000000.0,140363000000,1100000000,153210000000,63541000000,64641000000,59974000000,137489000000,82915000000,107000000.0,10198000000,11404000000,-732000000,10327000000,16378000000,2872000000,-15608000000,3016000000,0,0,0,2872000000,AMZN,177195000000,290873000000,36154000000,5054000000,617000000,15571000000,1496000000.0,2525000000,2941000000,69000000,617000000.0,70268000000,2872000000,539000000,-617000000.0,3558000000,85839000000,126381000000,2872000000,428362000000,40542000000,131463000000,34947000000,58662000000
2022-06-30,112370000000,20195000000,20195000000,69363000000,207000000.0,140291000000,235000000,150635000000,63435000000,63670000000,56254000000,131402000000,80043000000,107000000.0,10183000000,8965000000,3890000000,9716000000,15724000000,-2028000000,-12078000000,4626000000,3334000000,3334000000,-3334000000,-2028000000,AMZN,173706000000,288326000000,34804000000,-551000000,584000000,14519000000,1530000000.0,3317000000,-2665000000,-637000000,584000000.0,66424000000,-2028000000,-4445000000,-584000000.0,-2081000000,80943000000,120533000000,-2028000000,419728000000,39590000000,133667000000,37478000000,60710000000
2022-03-31,108438000000,20229000000,20229000000,77110000000,191000000.0,139508000000,16163000000,139758000000,50553000000,50553000000,58141000000,134001000000,82071000000,5000000.0,509000000,-2790000000,2614000000,9193000000,14951000000,-3844000000,906000000,1990000000,2666000000,2666000000,-2666000000,-3844000000,AMZN,168468000000,276766000000,32504000000,-3234000000,472000000,12474000000,1560000000.0,3669000000,-5266000000,-1422000000,472000000.0,66499000000,-3844000000,-4833000000,-472000000.0,-4794000000,78973000000,115986000000,-3844000000,410767000000,37013000000,133876000000,36393000000,66385000000
2021-12-31,103810000000,20478000000,15371000000,127810000000,7391000000.0,142266000000,318000000,142238000000,50553000000,50871000000,51775000000,138245000000,85915000000,106000000.0,509000000,22086000000,1915000000,9939000000,18935000000,14314000000,-12580000000,-3100000000,0,0,0,14323000000,AMZN,160281000000,282304000000,32891000000,18387000000,482000000,34205000000,2970000000.0,3460000000,14935000000,612000000,482000000.0,82835000000,14314000000,14022000000,-482000000.0,15417000000,116040000000,136903000000,14323000000,420549000000,20863000000,161580000000,36220000000,96049000000
2021-09-30,96738000000,15345000000,15345000000,116191000000,6910000000.0,123994000000,15625000000,139848000000,51376000000,51376000000,41546000000,120564000000,71592000000,5000000.0,507000000,7313000000,7059000000,8948000000,15748000000,3156000000,-14828000000,-2776000000,0,0,0,3156000000,AMZN,147152000000,261842000000,28610000000,7301000000,493000000,12660000000,2497000000.0,4852000000,4311000000,1155000000,493000000.0,62930000000,3156000000,2606000000,-493000000.0,4804000000,75590000000,110212000000,3156000000,382406000000,34622000000,138531000000,29944000000,78988000000
2021-06-30,85991000000,15350000000,15350000000,127527000000,6335000000.0,117792000000,15814000000,129624000000,51762000000,51762000000,41007000000,114803000000,68436000000,5000000.0,506000000,12715000000,209000000,8038000000,14288000000,7778000000,-22080000000,15643000000,0,0,0,7778000000,AMZN,133502000000,245516000000,26835000000,11570000000,435000000,12171000000,2489000000.0,7702000000,8646000000,868000000,435000000.0,64176000000,7778000000,7919000000,-435000000.0,9081000000,76347000000,112755000000,7778000000,360319000000,36408000000,140848000000,40380000000,89894000000
2021-03-31,149530000000,15220000000,15220000000,102276000000,5389000000.0,115404000000,1881000000,106253000000,33227000000,33227000000,40939000000,103320000000,60658000000,5000000.0,504000000,4213000000,304000000,7508000000,12082000000,8107000000,-8666000000,-3476000000,0,0,0,8107000000,AMZN,52161000000,219757000000,24289000000,13118000000,399000000,10650000000,2456000000.0,8865000000,10263000000,2156000000,399000000.0,62403000000,8107000000,7621000000,-399000000.0,10662000000,73053000000,108088000000,8107000000,323077000000,35035000000,121408000000,33834000000,73270000000
2020-12-31,148451000000,19998000000,15017000000,116207000000,4942000000.0,126385000000,1991000000,103306000000,33174000000,33174000000,44138000000,93404000000,52551000000,5000000.0,503000000,30431000000,-329000000,7547000000,14823000000,7199000000,-17037000000,-1816000000,0,0,0,7222000000,AMZN,45014000000,227791000000,24542000000,11088000000,414000000,24557000000,2886000000.0,6873000000,7788000000,566000000,414000000.0,79284000000,7199000000,8071000000,-414000000.0,8202000000,102441000000,125555000000,7222000000,321195000000,125555000000,132733000000,42122000000,84396000000
2020-09-30,234143000000,14960000000,14960000000,97030000000,4432000000.0,101912000000,880000000,99392000000,33288000000,33288000000,34327000000,82775000000,45329000000,5000000.0,502000000,11964000000,3899000000,6523000000,11063000000,6331000000,-15876000000,-4105000000,0,0,0,6331000000,AMZN,99981000000,199404000000,20832000000,9528000000,428000000,9302000000,2200000000.0,6194000000,6900000000,569000000,428000000.0,57106000000,6331000000,6757000000,-428000000.0,7328000000,66408000000,95717000000,6331000000,282179000000,29309000000,112969000000,29930000000,68402000000
2020-06-30,208228000000,14751000000,14751000000,96006000000,4618000000.0,93896000000,1884000000,90690000000,34486000000,34486000000,33863000000,73728000000,38998000000,5000000.0,501000000,20606000000,672000000,5748000000,7459000000,5243000000,-17804000000,7408000000,0,0,0,5243000000,AMZN,86517000000,184586000000,19918000000,8659000000,403000000,7954000000,2029000000.0,5843000000,6227000000,984000000,403000000.0,52660000000,5243000000,5851000000,-403000000.0,6630000000,60614000000,88509000000,5243000000,258314000000,27895000000,110908000000,37466000000,71391000000
2020-03-31,193275000000,14739000000,14739000000,63151000000,3836000000.0,79711000000,1311000000,78055000000,24849000000,24849000000,30791000000,65272000000,33755000000,5000000.0,499000000,3064000000,-1392000000,5362000000,6795000000,2535000000,-8894000000,-2591000000,0,0,0,2535000000,AMZN,77779000000,155966000000,17836000000,5575000000,402000000,8174000000,1894000000.0,3989000000,3279000000,744000000,402000000.0,44257000000,2535000000,1458000000,-402000000.0,3681000000,52431000000,75050000000,2535000000,221238000000,22619000000,85985000000,27201000000,49292000000
2019-12-31,190405000000,18803000000,14754000000,64288000000,4016000000.0,87812000000,1305000000,77376000000,24820000000,24820000000,32439000000,62060000000,31220000000,5000000.0,498000000,19659000000,1516000000,6170000000,5312000000,3267000000,-3536000000,-3571000000,0,0,0,3268000000,AMZN,72705000000,163188000000,20816000000,7849000000,455000000,22988000000,3340000000.0,3879000000,4054000000,786000000,455000000.0,53977000000,3267000000,3711000000,-455000000.0,4509000000,75900000000,87437000000,3268000000,225248000000,87437000000,96334000000,36092000000,55021000000
2019-09-30,173787000000,14734000000,14734000000,54719000000,3787000000.0,72136000000,2841000000,72055000000,25411000000,25411000000,28961000000,56508000000,27952000000,5000000.0,495000000,7892000000,381000000,5563000000,4697000000,2134000000,-5074000000,-1960000000,0,0,0,2134000000,AMZN,67662000000,142591000000,16887000000,5633000000,396000000,8764000000,2609000000.0,3157000000,2628000000,494000000,396000000.0,41302000000,2134000000,1665000000,-396000000.0,3024000000,50011000000,69585000000,2134000000,199099000000,19574000000,79054000000,23255000000,43401000000
2019-06-30,164892000000,14727000000,14727000000,51831000000,3547000000.0,69678000000,1636000000,70212000000,25066000000,25066000000,26140000000,53061000000,25818000000,5000000.0,494000000,9118000000,2100000000,5202000000,3562000000,2625000000,-7549000000,-2158000000,0,0,0,2625000000,AMZN,64723000000,138290000000,16747000000,5667000000,383000000,8049000000,2402000000.0,3084000000,2882000000,257000000,383000000.0,36337000000,2625000000,2675000000,-383000000.0,3265000000,44300000000,63021000000,2625000000,191351000000,18721000000,76790000000,22616000000,41463000000
2019-03-31,88572000000,14708000000,14708000000,42421000000,3679000000.0,63695000000,1608000000,34122000000,25031000000,25031000000,24588000000,48410000000,23193000000,5000000.0,492000000,1846000000,-719000000,4854000000,3290000000,3561000000,-8123000000,-2377000000,0,0,0,3561000000,AMZN,61048000000,129692000000,15979000000,7070000000,366000000,4837000000,2307000000.0,4420000000,4397000000,836000000,366000000.0,33920000000,3561000000,3586000000,-366000000.0,4763000000,38757000000,59339000000,3561000000,178102000000,20582000000,69431000000,23115000000,37020000000
2024-09-30,69174000000,47578000000,18658000000,8576000000,3076000000.0,20312000000,3544000000,63044000000,60398000000,60398000000,14621000000,7527000000,-25530000000,33393000000.0,537500000,3571000000,-40000000,1396000000,257000000,2830000000,-210000000,-3651000000,0,0,0,2830000000,AMGN,6156000000,83356000000,7317000000,5077000000,776000000,4275000000,1200000000.0,2047000000,3101000000,271000000,776000000.0,3310000000,2830000000,2649000000,-776000000.0,2047000000,6135000000,8503000000,2830000000,90883000000,2368000000,26766000000,9011000000,9011000000
2024-06-30,67171000000,48788000000,18616000000,8812000000,2976000000.0,21517000000,5528000000,63465000000,62645000000,62645000000,13722000000,5925000000,-27124000000,33204000000.0,537200000,2459000000,-296000000,1400000000,238000000,746000000,-217000000,-2649000000,0,0,0,746000000,AMGN,6097000000,84982000000,6934000000,2802000000,808000000,4432000000,1200000000.0,1909000000,794000000,48000000,675000000.0,3236000000,746000000,781000000,-808000000.0,1909000000,6221000000,8521000000,746000000,90907000000,2300000000,27206000000,9301000000,9301000000
2024-03-31,68936000000,49942000000,18570000000,9237000000,2821000000.0,19714000000,3959000000,68244000000,64020000000,64020000000,14127000000,5022000000,-27870000000,33082000000.0,536400000,689000000,-1203000000,1399000000,230000000,-86000000,-217000000,-1708000000,0,0,0,-113000000,AMGN,6002000000,87958000000,6776000000,1956000000,824000000,4351000000,1200000000.0,991000000,-68000000,45000000,691000000.0,3200000000,-86000000,-14000000,-824000000.0,991000000,6208000000,6756000000,-113000000,92980000000,548000000,28029000000,9708000000,9708000000
2023-12-31,67473000000,51270000000,18629000000,10404000000,2602000000.0,18392000000,0,73221000000,64613000000,64613000000,13576000000,6232000000,-26549000000,33070000000.0,535400000,538000000,92000000,1380000000,249000000,750000000,-27089000000,2754000000,0,0,0,767000000,AMGN,5941000000,90922000000,7942000000,2773000000,821000000,5802000000,1100000000.0,1271000000,852000000,85000000,596000000.0,3112000000,750000000,604000000,-821000000.0,1271000000,6501000000,7628000000,767000000,97154000000,1127000000,30332000000,10944000000,15458000000
2023-09-30,46307000000,28659000000,15509000000,34691000000,2565000000.0,16954000000,1428000000,65924000000,60468000000,60468000000,14168000000,7656000000,-24971000000,32753000000.0,535100000,2760000000,659000000,895000000,248000000,1730000000,-262000000,-2005000000,0,0,0,1730000000,AMGN,5563000000,82878000000,6145000000,3399000000,759000000,3156000000,693000000.0,2021000000,1947000000,217000000,577000000.0,1806000000,1730000000,1884000000,-759000000.0,2021000000,3883000000,6326000000,1730000000,90534000000,2443000000,48477000000,34700000000,34700000000
2023-06-30,42889000000,30164000000,15531000000,34006000000,2324000000.0,17097000000,2167000000,66391000000,61500000000,61500000000,13718000000,6781000000,-25540000000,32601000000.0,534900000,4109000000,-4000000,896000000,271000000,1379000000,-211000000,-1210000000,0,0,0,1379000000,AMGN,5532000000,83488000000,5830000000,3059000000,752000000,3142000000,693000000.0,2684000000,1614000000,235000000,639000000.0,1813000000,1379000000,1367000000,-752000000.0,2684000000,3842000000,6347000000,1379000000,90269000000,2505000000,47380000000,34248000000,38339000000
2023-03-31,44017000000,30924000000,15531000000,31448000000,2395000000.0,14215000000,834000000,69157000000,61595000000,61595000000,12061000000,5348000000,-26919000000,32535000000.0,534300000,1064000000,341000000,900000000,344000000,2872000000,1358000000,21509000000,0,0,0,2841000000,AMGN,5460000000,83372000000,5736000000,4678000000,543000000,3009000000,693000000.0,1921000000,3442000000,601000000,430000000.0,1720000000,2872000000,2804000000,-543000000.0,1921000000,3671000000,5675000000,2841000000,88720000000,2004000000,44703000000,31600000000,36434000000
2022-12-31,43514000000,31609000000,15529000000,4465000000,2388000000.0,15687000000,0,46312000000,38900000000,38900000000,12524000000,3661000000,-28622000000,32514000000.0,534000000,2649000000,179000000,911000000,340000000,78000000,-3473000000,-1049000000,0,0,0,1616000000,AMGN,5427000000,61460000000,6392000000,2863000000,415000000,4101000000,700000000.0,2230000000,1748000000,132000000,-78000000.0,1747000000,78000000,2037000000,-415000000.0,2230000000,4021000000,78000000,1616000000,65121000000,78000000,22186000000,7629000000,10120000000
2022-09-30,39638000000,28111000000,14845000000,11056000000,2501000000.0,14331000000,1543000000,45716000000,38704000000,38704000000,11584000000,3653000000,-28066000000,32371000000.0,533500000,2978000000,335000000,837000000,160000000,2143000000,-267000000,1588000000,0,0,0,2143000000,AMGN,5188000000,60047000000,5326000000,3388000000,368000000,3027000000,628000000.0,2660000000,2392000000,249000000,290000000.0,1588000000,2143000000,2163000000,-368000000.0,2660000000,3503000000,6362000000,2143000000,63700000000,2859000000,24062000000,9502000000,12245000000
2022-06-30,39972000000,28792000000,14865000000,6413000000,2258000000.0,12618000000,817000000,44257000000,36522000000,36522000000,10545000000,2419000000,-28252000000,31343000000.0,534900000,1930000000,248000000,828000000,246000000,1317000000,-2193000000,-1062000000,0,0,0,1317000000,AMGN,5158000000,56875000000,5327000000,2488000000,328000000,2995000000,629000000.0,2176000000,1531000000,214000000,328000000.0,1510000000,1317000000,1408000000,-328000000.0,2176000000,3466000000,6266000000,1317000000,59294000000,2800000000,19322000000,5203000000,7675000000
2022-03-31,40676000000,29464000000,14897000000,5853000000,2488000000.0,12886000000,844000000,45394000000,36854000000,36854000000,10639000000,916000000,-29568000000,31247000000.0,534200000,2164000000,468000000,841000000,190000000,1171000000,-111000000,-3514000000,6360000000,6360000000,-6360000000,1476000000,AMGN,5142000000,58280000000,5077000000,2607000000,295000000,2824000000,637000000.0,2500000000,1675000000,199000000,295000000.0,1561000000,1171000000,1509000000,-295000000.0,2500000000,3426000000,5943000000,1476000000,59196000000,2517000000,18520000000,6528000000,7187000000
2021-12-31,42346000000,30072000000,14890000000,7304000000,2367000000.0,12184000000,0,42806000000,33300000000,33309000000,10731000000,6700000000,-24600000000,32096000000.0,558300000,2808000000,-26000000,852000000,287000000,1899000000,-230000000,-6558000000,1443000000,1443000000,-1443000000,1899000000,AMGN,5184000000,54465000000,5839000000,3166000000,335000000,3524000000,700000000.0,2304000000,2131000000,232000000,335000000.0,1718000000,1899000000,1911000000,-335000000.0,2304000000,3843000000,32528000000,1899000000,61165000000,28685000000,19385000000,7989000000,8868000000
2021-09-30,40613000000,29324000000,14665000000,12275000000,2542000000.0,14842000000,4288000000,41934000000,37579000000,37579000000,9383000000,8217000000,-22964000000,31989000000.0,565000000,2418000000,467000000,850000000,242000000,1884000000,73000000,2848000000,1080000000,1080000000,-1080000000,1884000000,AMGN,4982000000,56776000000,4765000000,3093000000,296000000,3361000000,642000000.0,2378000000,2155000000,271000000,296000000.0,1609000000,1884000000,1944000000,-296000000.0,2378000000,3556000000,6410000000,1884000000,64993000000,2854000000,24380000000,11969000000,13786000000
2021-06-30,40674000000,29984000000,14676000000,7159000000,2423000000.0,14585000000,4324000000,36941000000,32800000000,32800000000,8984000000,8247000000,-22762000000,31877000000.0,569600000,1931000000,209000000,855000000,185000000,464000000,1209000000,-2622000000,1581000000,1581000000,-1581000000,464000000,AMGN,4906000000,51526000000,4479000000,1491000000,281000000,4713000000,652000000.0,828000000,558000000,94000000,281000000.0,1637000000,464000000,429000000,-281000000.0,828000000,3673000000,6526000000,464000000,59773000000,2853000000,19099000000,6630000000,8485000000
2021-03-31,41240000000,30620000000,14673000000,10115000000,2293000000.0,12869000000,1556000000,40336000000,32685000000,32685000000,9917000000,9334000000,-21639000000,31806000000.0,575300000,2104000000,181000000,841000000,166000000,1646000000,-319000000,-1939000000,871000000,871000000,-871000000,1646000000,AMGN,4855000000,53205000000,4423000000,2796000000,285000000,2936000000,654000000.0,2129000000,1857000000,211000000,285000000.0,1490000000,1646000000,1798000000,-285000000.0,2129000000,3398000000,5901000000,1646000000,62539000000,2503000000,21299000000,6112000000,10960000000
2020-12-31,42212000000,31276000000,14689000000,10322000000,2079000000.0,11653000000,91000000,42192000000,32986000000,32986000000,10141000000,9409000000,-21408000000,31802000000.0,578300000,2153000000,230000000,873000000,173000000,4737000000,-1384000000,-3590000000,1205000000,1205000000,-1205000000,1615000000,AMGN,4889000000,53539000000,5324000000,2895000000,318000000,3729000000,700000000.0,2008000000,1877000000,262000000,318000000.0,1597000000,4737000000,1533000000,-318000000.0,2008000000,1897000000,6634000000,1615000000,62948000000,4737000000,21144000000,6266000000,11124000000
2020-09-30,41976000000,31928000000,14674000000,11965000000,2265000000.0,9953000000,91000000,43725000000,34287000000,34287000000,8701000000,10959000000,-19851000000,31713000000.0,583500000,3368000000,-977000000,901000000,135000000,2021000000,-1628000000,-1798000000,765000000,765000000,-765000000,2021000000,AMGN,4816000000,53678000000,4094000000,3216000000,302000000,3117000000,708000000.0,2453000000,2206000000,185000000,302000000.0,1561000000,2021000000,1901000000,-302000000.0,2453000000,1880000000,6423000000,2021000000,64637000000,4543000000,22661000000,9087000000,12736000000
2020-06-30,42116000000,32626000000,14678000000,11031000000,2268000000.0,10523000000,91000000,43829000000,34224000000,34224000000,9282000000,10659000000,-20168000000,31610000000.0,586400000,2842000000,511000000,930000000,158000000,1803000000,-2159000000,775000000,555000000,555000000,-555000000,1803000000,AMGN,4843000000,54352000000,5366000000,3039000000,296000000,3108000000,713000000.0,2323000000,2030000000,227000000,296000000.0,1488000000,1803000000,1682000000,-296000000.0,2323000000,1786000000,6206000000,1803000000,65011000000,4420000000,22895000000,9145000000,11718000000
2020-03-31,42856000000,33336000000,14683000000,7514000000,2110000000.0,11827000000,1840000000,40357000000,31848000000,31848000000,8649000000,9485000000,-21378000000,31525000000.0,588000000,2134000000,749000000,897000000,142000000,1825000000,-230000000,-254000000,961000000,961000000,-961000000,1825000000,AMGN,4879000000,52184000000,5009000000,3075000000,346000000,3002000000,709000000.0,2355000000,2020000000,195000000,346000000.0,1513000000,1825000000,1691000000,-346000000.0,2355000000,1780000000,6161000000,1825000000,61669000000,4381000000,18813000000,7687000000,8232000000
2019-12-31,41736000000,34116000000,14703000000,8537000000,1888000000.0,12835000000,2953000000,36981000000,29903000000,29903000000,8511000000,9673000000,-21330000000,31531000000.0,591400000,2514000000,127000000,702000000,188000000,4628000000,-5963000000,-1929000000,1094000000,1094000000,-1094000000,1703000000,AMGN,4928000000,50034000000,4652000000,2736000000,301000000,3348000000,452000000.0,2048000000,1983000000,280000000,301000000.0,1253000000,4628000000,1563000000,-301000000.0,2048000000,1569000000,6197000000,1703000000,59707000000,4628000000,18440000000,6037000000,9214000000
2019-09-30,28906000000,21407000000,14705000000,20504000000,3349000000.0,10737000000,2049000000,37557000000,29791000000,29791000000,7683000000,10927000000,-20136000000,31451000000.0,596200000,3377000000,-71000000,508000000,170000000,1968000000,5372000000,-2859000000,1161000000,1161000000,-1161000000,1968000000,AMGN,4901000000,48608000000,3606000000,2908000000,313000000,2543000000,318000000.0,2476000000,2277000000,309000000,313000000.0,1036000000,1968000000,2045000000,-313000000.0,2476000000,1310000000,5737000000,1968000000,59535000000,4427000000,31051000000,11415000000,21130000000
2019-06-30,29057000000,21502000000,14689000000,21404000000,2011000000.0,10622000000,2816000000,37557000000,30614000000,30614000000,6805000000,10794000000,-20054000000,31313000000.0,602100000,1414000000,20000000,501000000,144000000,2179000000,2745000000,-5992000000,2415000000,2415000000,-2415000000,2179000000,AMGN,4882000000,48579000000,3801000000,3211000000,332000000,2496000000,315000000.0,2678000000,2564000000,385000000,332000000.0,1012000000,2179000000,2230000000,-332000000.0,2678000000,1309000000,5871000000,2179000000,59373000000,4562000000,30746000000,5525000000,22045000000
2019-03-31,28846000000,21816000000,14692000000,25898000000,2063000000.0,12706000000,3705000000,40459000000,33024000000,33024000000,7910000000,10832000000,-19895000000,31243000000.0,614400000,1845000000,484000000,495000000,116000000,1992000000,3555000000,-4987000000,3032000000,3032000000,-3032000000,1992000000,AMGN,4892000000,53165000000,3771000000,2972000000,343000000,2345000000,315000000.0,2472000000,2314000000,322000000,343000000.0,1055000000,1992000000,2245000000,-343000000.0,2472000000,1326000000,5557000000,1992000000,63997000000,4231000000,35151000000,7358000000,26547000000
2024-09-30,42543000000,31010000000,23658000000,170000000,4254000000.0,14902000000,2154000000,12825000000,14979000000,14979000000,8001000000,39796000000,39056000000,25020000000.0,1739466000,2705000000,-163000000,470000000,556000000,1646000000,-594000000,-1576000000,751000000,751000000,-659000000,1646000000,ABT,10621000000,34560000000,7051000000,2329000000,142000000,4078000000,470000000.0,1859000000,1940000000,294000000,142000000.0,4698000000,1646000000,1977000000,-51000000.0,1859000000,8063000000,10646000000,1646000000,74356000000,2583000000,23802000000,7558000000,7788000000
2024-06-30,42245000000,31135000000,23308000000,162000000,4254000000.0,13760000000,1615000000,13139000000,14754000000,14754000000,7419000000,39318000000,38354000000,24858000000.0,1743040000,1960000000,428000000,471000000,533000000,1302000000,-453000000,-791000000,3000000,3000000,10000000,1302000000,ABT,10233000000,33699000000,6854000000,2140000000,58000000,4105000000,471000000.0,1669000000,1607000000,305000000,140000000.0,4603000000,1302000000,1333000000,-58000000.0,1669000000,8010000000,10383000000,1302000000,73017000000,2373000000,23119000000,6987000000,7219000000
2024-03-31,42604000000,31679000000,23383000000,154000000,4416000000.0,14021000000,2010000000,12576000000,14586000000,14586000000,6709000000,38810000000,38011000000,24726000000.0,1740203000,1025000000,561000000,805000000,398000000,1225000000,-425000000,-1176000000,226000000,226000000,-92000000,1225000000,ABT,10107000000,33657000000,6605000000,2049000000,141000000,4137000000,472000000.0,1386000000,1436000000,211000000,141000000.0,4463000000,1225000000,898000000,-141000000.0,1577000000,7902000000,9823000000,1225000000,72467000000,1921000000,22376000000,6284000000,6651000000
2023-12-31,44625000000,32494000000,23679000000,141000000,4343000000.0,13841000000,1080000000,19978000000,14679000000,14679000000,7974000000,38603000000,37554000000,24869000000.0,1739235000,3038000000,179000000,813000000,755000000,1594000000,-824000000,-2052000000,259000000,259000000,-225000000,1594000000,ABT,10154000000,34611000000,6565000000,2435000000,159000000,3909000000,481000000.0,1780000000,1795000000,201000000,159000000.0,4556000000,1594000000,2235000000,-159000000.0,1954000000,8259000000,10058000000,1594000000,73214000000,1799000000,22670000000,6896000000,7279000000
2023-09-30,42899000000,32559000000,23277000000,175000000,8967000000.0,13042000000,1051000000,14477000000,15528000000,15528000000,7712000000,37481000000,36920000000,24727000000.0,1738700000,1877000000,321000000,496000000,560000000,1436000000,-634000000,-2340000000,2000000,2000000,54000000,1436000000,ABT,9552000000,34609000000,6499000000,2333000000,166000000,3891000000,496000000.0,1647000000,1671000000,235000000,166000000.0,4605000000,1436000000,1027000000,-166000000.0,1837000000,7824000000,9987000000,1436000000,72090000000,2163000000,22664000000,6709000000,7047000000
2023-06-30,43340000000,33092000000,23258000000,164000000,8479000000.0,14350000000,2284000000,14562000000,16846000000,16846000000,7582000000,37174000000,36355000000,24612000000.0,1740359000,1203000000,444000000,498000000,507000000,1375000000,-1213000000,-1289000000,426000000,426000000,-411000000,1375000000,ABT,9449000000,36180000000,6172000000,2293000000,159000000,3953000000,498000000.0,1542000000,1636000000,261000000,159000000.0,4483000000,1375000000,1343000000,-159000000.0,1795000000,7721000000,9798000000,1375000000,73354000000,2077000000,23505000000,7835000000,8155000000
2023-03-31,42991000000,32933000000,22927000000,162000000,8881000000.0,14530000000,2251000000,14615000000,16900000000,16900000000,8631000000,37010000000,35868000000,24488000000.0,1741738000,1143000000,186000000,806000000,380000000,1318000000,-462000000,-1410000000,540000000,540000000,-478000000,1318000000,ABT,9282000000,36784000000,6020000000,2206000000,153000000,3915000000,491000000.0,1509000000,1562000000,244000000,153000000.0,4331000000,1318000000,1330000000,-153000000.0,1715000000,7584000000,9588000000,1318000000,73794000000,2004000000,24377000000,9161000000,9532000000
2022-12-31,44368000000,33253000000,22799000000,169000000,2663000000.0,15489000000,2251000000,21053000000,16773000000,16773000000,8631000000,36686000000,35257000000,24709000000.0,1743373000,2326000000,-77000000,807000000,610000000,9339000000,-632000000,-1457000000,685000000,685000000,-644000000,1033000000,ABT,9162000000,37752000000,6218000000,1970000000,154000000,4301000000,496000000.0,1304000000,1320000000,287000000,154000000.0,4593000000,1033000000,2427000000,-154000000.0,1474000000,8579000000,9951000000,1033000000,74438000000,1372000000,25224000000,9882000000,10170000000
2022-09-30,42587000000,33134000000,22284000000,228000000,2796000000.0,13365000000,1117000000,15297000000,17531000000,16414000000,8115000000,35675000000,35115000000,24560000000.0,1752968000,2780000000,-336000000,498000000,467000000,1435000000,-484000000,-1543000000,798000000,798000000,-741000000,1435000000,ABT,8689000000,37126000000,6408000000,2397000000,141000000,4011000000,498000000.0,1770000000,1758000000,323000000,141000000.0,4629000000,1435000000,696000000,-141000000.0,1899000000,7858000000,10250000000,1435000000,72801000000,2392000000,24845000000,9594000000,9907000000
2022-06-30,43888000000,34336000000,22744000000,227000000,2568000000.0,12392000000,5000000,16755000000,16765000000,16760000000,7894000000,36490000000,34487000000,24429000000.0,1753865000,2410000000,664000000,507000000,379000000,2018000000,-264000000,-813000000,5000000,5000000,5000000,2018000000,ABT,8818000000,37712000000,7199000000,2991000000,132000000,3948000000,507000000.0,2376000000,2352000000,334000000,132000000.0,4933000000,2018000000,1786000000,-132000000.0,2484000000,8197000000,11125000000,2018000000,74202000000,2928000000,24956000000,8937000000,9290000000
2022-03-31,45075000000,35404000000,23179000000,244000000,2401000000.0,12647000000,4000000,17086000000,17094000000,17090000000,7886000000,35399000000,33295000000,24304000000.0,1761911000,2065000000,1305000000,823000000,321000000,2447000000,-360000000,-3823000000,2307000000,2307000000,-2248000000,2447000000,ABT,8908000000,38608000000,7179000000,3519000000,131000000,3999000000,512000000.0,2912000000,2876000000,429000000,131000000.0,4987000000,2447000000,2347000000,-131000000.0,3007000000,8286000000,11767000000,2447000000,74007000000,3481000000,23429000000,7675000000,8158000000
2021-12-31,46976000000,35970000000,23231000000,256000000,2346000000.0,13105000000,0,20990000000,18050000000,18050000000,7943000000,35802000000,31528000000,24470000000.0,1769390000,3067000000,486000000,883000000,614000000,1989000000,-671000000,-1886000000,974000000,974000000,-892000000,1989000000,ABT,8959000000,39394000000,6487000000,2972000000,131000000,4389000000,514000000.0,2378000000,2327000000,338000000,131000000.0,4766000000,1989000000,2855000000,-131000000.0,2458000000,8383000000,11343000000,1989000000,75196000000,2960000000,24239000000,9799000000,10249000000
2021-09-30,46254000000,36611000000,23299000000,269000000,8539000000.0,12867000000,197000000,17446000000,18954000000,19151000000,7531000000,34422000000,30376000000,24285000000.0,1774516000,2701000000,323000000,520000000,461000000,2100000000,-651000000,-1377000000,579000000,579000000,-509000000,2100000000,ABT,8831000000,39373000000,6405000000,3146000000,133000000,3439000000,520000000.0,2546000000,2493000000,393000000,133000000.0,4423000000,2100000000,1926000000,-133000000.0,2626000000,7190000000,10791000000,2100000000,73795000000,3601000000,23492000000,9302000000,9692000000
2021-06-30,46787000000,37166000000,23485000000,260000000,8244000000.0,12614000000,199000000,17547000000,19057000000,19256000000,7401000000,33800000000,29053000000,24153000000.0,1779203000,2128000000,-30000000,504000000,413000000,1189000000,-264000000,-1264000000,471000000,471000000,-454000000,1189000000,ABT,8816000000,39469000000,6113000000,1986000000,134000000,3380000000,504000000.0,1392000000,1348000000,159000000,134000000.0,4947000000,1189000000,1408000000,-134000000.0,1482000000,7673000000,10089000000,1189000000,73269000000,2416000000,22627000000,8658000000,8944000000
2021-03-31,47245000000,37581000000,23400000000,289000000,8058000000.0,12462000000,199000000,17489000000,19001000000,19200000000,7165000000,33562000000,28669000000,24023000000.0,1776842000,2637000000,372000000,934000000,397000000,1793000000,-422000000,-967000000,275000000,275000000,-189000000,1793000000,ABT,8832000000,39223000000,6096000000,2687000000,135000000,3962000000,509000000.0,2109000000,2043000000,250000000,135000000.0,4401000000,1793000000,1454000000,-135000000.0,2178000000,7694000000,10318000000,1793000000,72785000000,2624000000,21817000000,8054000000,8372000000
2020-12-31,49522000000,38528000000,23744000000,277000000,1867000000.0,11907000000,213000000,22548000000,18534000000,18747000000,7379000000,32784000000,27627000000,24145000000.0,1775502000,3798000000,863000000,866000000,679000000,2162000000,-731000000,-787000000,161000000,161000000,-145000000,2162000000,ABT,9029000000,39764000000,6414000000,3036000000,136000000,3837000000,508000000.0,2432000000,2392000000,230000000,136000000.0,4493000000,2158000000,2260000000,-136000000.0,2528000000,7607000000,10570000000,2162000000,72548000000,2963000000,20441000000,6838000000,7148000000
2020-09-30,47969000000,38546000000,23338000000,292000000,7507000000.0,10257000000,208000000,18349000000,18361000000,18569000000,6737000000,31386000000,26266000000,24037000000.0,1774475000,2066000000,321000000,808000000,496000000,1232000000,-472000000,-1915000000,2000000,2000000,81000000,1232000000,ABT,8620000000,37657000000,5649000000,2068000000,137000000,2882000000,510000000.0,1495000000,1421000000,189000000,137000000.0,3966000000,1232000000,1268000000,-137000000.0,1558000000,6268000000,8723000000,1232000000,69043000000,2455000000,17390000000,4480000000,4731000000
2020-06-30,48002000000,38883000000,23100000000,283000000,6982000000.0,10959000000,205000000,18184000000,20764000000,20969000000,5964000000,30578000000,25669000000,23893000000.0,1772953000,1322000000,319000000,825000000,642000000,537000000,-619000000,658000000,4000000,4000000,53000000,537000000,ABT,8343000000,38198000000,5140000000,1213000000,134000000,2840000000,553000000.0,672000000,526000000,-11000000,134000000.0,3263000000,537000000,843000000,-134000000.0,660000000,5539000000,7195000000,537000000,68776000000,1656000000,17221000000,4763000000,5037000000
2020-03-31,47889000000,39192000000,22927000000,275000000,7262000000.0,10808000000,204000000,16804000000,19332000000,19536000000,5994000000,30218000000,25786000000,23731000000.0,1768901000,715000000,541000000,828000000,360000000,564000000,-393000000,-735000000,236000000,236000000,-147000000,564000000,ABT,7907000000,36559000000,5292000000,1353000000,139000000,3708000000,561000000.0,758000000,653000000,89000000,139000000.0,3281000000,544000000,-357000000,-139000000.0,792000000,6390000000,7582000000,564000000,66777000000,1192000000,15498000000,3377000000,3668000000
2019-12-31,50165000000,40225000000,23200000000,321000000,1786000000.0,10863000000,201000000,20233000000,17938000000,18139000000,5907000000,31088000000,25847000000,23853000000.0,1768045000,2416000000,-81000000,756000000,434000000,1049000000,-489000000,-2185000000,496000000,496000000,-489000000,1049000000,ABT,8038000000,36799000000,5425000000,1887000000,164000000,3491000000,483000000.0,1389000000,1240000000,191000000,227000000.0,3434000000,1049000000,347000000,-164000000.0,1404000000,6330000000,8314000000,1049000000,67887000000,4397000000,15667000000,3860000000,4140000000
2019-09-30,50091000000,40511000000,23046000000,335000000,7392000000.0,10491000000,204000000,18341000000,20147000000,20351000000,5937000000,31817000000,25440000000,23771000000.0,1771521000,1948000000,212000000,754000000,401000000,960000000,-432000000,-513000000,1000000,1000000,46000000,960000000,ABT,7825000000,36722000000,5450000000,1754000000,167000000,3036000000,484000000.0,1198000000,1103000000,143000000,167000000.0,3358000000,960000000,562000000,-167000000.0,1270000000,5798000000,7902000000,960000000,68539000000,4234000000,16119000000,4091000000,4335000000
2019-06-30,50946000000,41420000000,23329000000,325000000,7467000000.0,9062000000,204000000,19652000000,18998000000,19202000000,5545000000,31686000000,25045000000,23665000000.0,1768904000,1060000000,419000000,751000000,468000000,1006000000,-498000000,-449000000,4000000,4000000,113000000,1006000000,ABT,7825000000,36741000000,5548000000,1753000000,168000000,3011000000,483000000.0,1206000000,1102000000,96000000,168000000.0,3279000000,1006000000,1111000000,-168000000.0,1270000000,5713000000,7815000000,1006000000,68427000000,4217000000,15195000000,3137000000,3376000000
2019-03-31,50174000000,41681000000,23209000000,325000000,7063000000.0,9113000000,201000000,18845000000,18861000000,19062000000,5582000000,30925000000,24613000000,23461000000.0,1763278000,712000000,456000000,753000000,335000000,672000000,-396000000,-1142000000,217000000,217000000,-90000000,672000000,ABT,7626000000,36685000000,5345000000,1289000000,171000000,3636000000,486000000.0,739000000,632000000,-40000000,171000000.0,3160000000,672000000,788000000,-171000000.0,803000000,6124000000,7358000000,672000000,67610000000,3889000000,14409000000,3022000000,3261000000
