,Date,Adj Close,Close,High,Low,Open,Volume,Ticker,Industry,Daily_Return
5662,2022-01-03 00:00:00+00:00,170.4044952392578,170.4044952392578,170.70350646972656,166.16050720214844,167.5500030517578,63520000,AMZN,Tech,0.022118320898886278
5663,2022-01-04 00:00:00+00:00,167.52200317382812,167.52200317382812,171.39999389648438,166.34950256347656,170.43800354003906,70726000,AMZN,Tech,-0.016915587005979515
5664,2022-01-05 00:00:00+00:00,164.35699462890625,164.35699462890625,167.12649536132812,164.35699462890625,166.88299560546875,64302000,AMZN,Tech,-0.018893091563845044
5665,2022-01-06 00:00:00+00:00,163.25399780273438,163.25399780273438,164.8000030517578,161.93699645996094,163.45050048828125,51958000,AMZN,Tech,-0.006710981961323146
5666,2022-01-07 00:00:00+00:00,162.5540008544922,162.5540008544922,165.24349975585938,162.031005859375,163.83900451660156,46606000,AMZN,Tech,-0.004287778294336282
5667,2022-01-10 00:00:00+00:00,161.48599243164062,161.48599243164062,161.6614990234375,156.30450439453125,160.5854949951172,87798000,AMZN,Tech,-0.006570176170610371
5668,2022-01-11 00:00:00+00:00,165.36199951171875,165.36199951171875,166.35000610351562,160.70150756835938,161.5,62806000,AMZN,Tech,0.024002125643924784
5669,2022-01-12 00:00:00+00:00,165.20700073242188,165.20700073242188,166.8780059814453,164.41700744628906,166.5749969482422,50030000,AMZN,Tech,-0.0009373300985386952
5670,2022-01-13 00:00:00+00:00,161.21400451660156,161.21400451660156,166.22149658203125,161.09100341796875,165.25050354003906,52188000,AMZN,Tech,-0.024169655027437873
5671,2022-01-14 00:00:00+00:00,162.13800048828125,162.13800048828125,162.25,159.80050659179688,160.14999389648438,45974000,AMZN,Tech,0.005731487003565722
5672,2022-01-18 00:00:00+00:00,158.91749572753906,158.91749572753906,159.7344970703125,157.6645050048828,159.10499572753906,67292000,AMZN,Tech,-0.01986273884619019
5673,2022-01-19 00:00:00+00:00,156.2989959716797,156.2989959716797,159.25,156.25,158.76199340820312,53242000,AMZN,Tech,-0.01647710180601349
5674,2022-01-20 00:00:00+00:00,151.66749572753906,151.66749572753906,158.0,151.3509979248047,156.76600646972656,71974000,AMZN,Tech,-0.029632309634156712
5675,2022-01-21 00:00:00+00:00,142.64300537109375,142.64300537109375,150.89999389648438,142.07049560546875,149.9499969482422,163972000,AMZN,Tech,-0.05950180896147472
5676,2022-01-24 00:00:00+00:00,144.54400634765625,144.54400634765625,144.94500732421875,135.3520050048828,139.0,155624000,AMZN,Tech,0.013326983483115347
5677,2022-01-25 00:00:00+00:00,139.98599243164062,139.98599243164062,143.60000610351562,138.14500427246094,142.24249267578125,90824000,AMZN,Tech,-0.03153374554357322
5678,2022-01-26 00:00:00+00:00,138.87249755859375,138.87249755859375,145.18499755859375,137.31849670410156,144.75,95602000,AMZN,Tech,-0.007954330670553542
5679,2022-01-27 00:00:00+00:00,139.6374969482422,139.6374969482422,144.24349975585938,139.35000610351562,140.8000030517578,77516000,AMZN,Tech,0.005508645722495668
5680,2022-01-28 00:00:00+00:00,143.97799682617188,143.97799682617188,143.9980010986328,137.92950439453125,140.86050415039062,74392000,AMZN,Tech,0.031084056738273746
5681,2022-01-31 00:00:00+00:00,149.57350158691406,149.57350158691406,150.36050415039062,144.30050659179688,144.75,78308000,AMZN,Tech,0.03886361030218927
5682,2022-02-01 00:00:00+00:00,151.19349670410156,151.19349670410156,151.70799255371094,147.62750244140625,150.0,59220000,AMZN,Tech,0.010830762802234422
5683,2022-02-02 00:00:00+00:00,150.6125030517578,150.6125030517578,155.0749969482422,148.86349487304688,155.05050659179688,87330000,AMZN,Tech,-0.0038427158906232826
5684,2022-02-03 00:00:00+00:00,138.8455047607422,138.8455047607422,144.24749755859375,138.33299255371094,141.7375030517578,225532000,AMZN,Tech,-0.07812763251781235
5685,2022-02-04 00:00:00+00:00,157.63949584960938,157.63949584960938,161.1999969482422,150.60800170898438,155.60650634765625,253456000,AMZN,Tech,0.13535901735711856
5686,2022-02-07 00:00:00+00:00,157.9355010986328,157.9355010986328,162.6909942626953,157.25,158.52000427246094,102624000,AMZN,Tech,0.001877735318982695
5687,2022-02-08 00:00:00+00:00,161.4134979248047,161.4134979248047,161.79249572753906,155.55050659179688,156.75050354003906,76040000,AMZN,Tech,0.022021627828944044
5688,2022-02-09 00:00:00+00:00,161.1894989013672,161.1894989013672,163.83450317382812,160.25,162.87350463867188,68786000,AMZN,Tech,-0.0013877341505965698
5689,2022-02-10 00:00:00+00:00,159.0034942626953,159.0034942626953,160.7165069580078,157.75,158.35000610351562,68268000,AMZN,Tech,-0.013561706274733841
5690,2022-02-11 00:00:00+00:00,153.2935028076172,153.2935028076172,159.0,152.73399353027344,158.13450622558594,77100000,AMZN,Tech,-0.035911106743631974
5691,2022-02-14 00:00:00+00:00,155.16700744628906,155.16700744628906,158.44850158691406,151.64999389648438,151.75100708007812,83230000,AMZN,Tech,0.012221683270054289
5692,2022-02-15 00:00:00+00:00,156.510498046875,156.510498046875,158.0070037841797,154.6374969482422,157.60549926757812,56440000,AMZN,Tech,0.008658352201907263
5693,2022-02-16 00:00:00+00:00,158.10049438476562,158.10049438476562,158.83399963378906,154.7344970703125,155.79049682617188,52704000,AMZN,Tech,0.010159039538768958
5694,2022-02-17 00:00:00+00:00,154.65249633789062,154.65249633789062,160.3489990234375,154.5,158.14599609375,64032000,AMZN,Tech,-0.021808901106176712
5695,2022-02-18 00:00:00+00:00,152.60150146484375,152.60150146484375,155.49949645996094,150.89300537109375,155.49949645996094,63604000,AMZN,Tech,-0.013261957754408204
5696,2022-02-22 00:00:00+00:00,150.19749450683594,150.19749450683594,152.9824981689453,148.48550415039062,150.47850036621094,66128000,AMZN,Tech,-0.015753494788264887
5697,2022-02-23 00:00:00+00:00,144.82699584960938,144.82699584960938,151.76300048828125,144.6510009765625,151.65049743652344,64244000,AMZN,Tech,-0.03575624663287666
5698,2022-02-24 00:00:00+00:00,151.35800170898438,151.35800170898438,151.74899291992188,139.5,139.83749389648438,100786000,AMZN,Tech,0.045095224278192576
5699,2022-02-25 00:00:00+00:00,153.7884979248047,153.7884979248047,153.99000549316406,149.2135009765625,150.5500030517578,62396000,AMZN,Tech,0.016057930128421098
5700,2022-02-28 00:00:00+00:00,153.56300354003906,153.56300354003906,154.4499969482422,150.85000610351562,152.4250030517578,57684000,AMZN,Tech,-0.0014662630028149512
5701,2022-03-01 00:00:00+00:00,151.14199829101562,151.14199829101562,154.0989990234375,149.9770050048828,152.7324981689453,44874000,AMZN,Tech,-0.015765550251120215
5702,2022-03-02 00:00:00+00:00,152.05250549316406,152.05250549316406,152.99949645996094,148.75,150.8489990234375,47334000,AMZN,Tech,0.006024183962390823
5703,2022-03-03 00:00:00+00:00,147.89849853515625,147.89849853515625,153.9290008544922,146.8560028076172,153.531494140625,65198000,AMZN,Tech,-0.027319556126581337
5704,2022-03-04 00:00:00+00:00,145.64100646972656,145.64100646972656,147.85000610351562,143.8070068359375,147.15899658203125,60934000,AMZN,Tech,-0.01526379299173933
5705,2022-03-07 00:00:00+00:00,137.4530029296875,137.4530029296875,146.09449768066406,137.41650390625,145.44349670410156,86934000,AMZN,Tech,-0.056220454242336265
5706,2022-03-08 00:00:00+00:00,136.01449584960938,136.01449584960938,140.69949340820312,133.57249450683594,136.68350219726562,91662000,AMZN,Tech,-0.010465446730283344
5707,2022-03-09 00:00:00+00:00,139.2790069580078,139.2790069580078,140.25,136.8280029296875,139.5,82656000,AMZN,Tech,0.024001199930983774
5708,2022-03-10 00:00:00+00:00,146.8175048828125,146.8175048828125,148.67449951171875,143.97799682617188,145.68499755859375,135062000,AMZN,Tech,0.05412515560997302
5709,2022-03-11 00:00:00+00:00,145.52450561523438,145.52450561523438,149.6750030517578,145.36900329589844,149.57449340820312,68900000,AMZN,Tech,-0.008806846762653931
5710,2022-03-14 00:00:00+00:00,141.85299682617188,141.85299682617188,147.4499969482422,140.88400268554688,145.9810028076172,74086000,AMZN,Tech,-0.025229488143872755
5711,2022-03-15 00:00:00+00:00,147.3665008544922,147.3665008544922,147.98500061035156,142.0,142.85000610351562,75584000,AMZN,Tech,0.038867730338306615
5712,2022-03-16 00:00:00+00:00,153.10400390625,153.10400390625,153.14999389648438,147.35350036621094,148.5,84958000,AMZN,Tech,0.03893356372370509
5713,2022-03-17 00:00:00+00:00,157.23899841308594,157.23899841308594,157.49850463867188,152.13999938964844,152.6405029296875,72934000,AMZN,Tech,0.027007748989816845
5714,2022-03-18 00:00:00+00:00,161.25050354003906,161.25050354003906,161.593994140625,156.01100158691406,156.81300354003906,102962000,AMZN,Tech,0.025512151358369848
5715,2022-03-21 00:00:00+00:00,161.4915008544922,161.4915008544922,163.08399963378906,159.55299377441406,161.12100219726562,66538000,AMZN,Tech,0.0014945523217748248
5716,2022-03-22 00:00:00+00:00,164.88900756835938,164.88900756835938,166.16700744628906,161.69900512695312,161.8054962158203,64086000,AMZN,Tech,0.021038300442376992
5717,2022-03-23 00:00:00+00:00,163.4080047607422,163.4080047607422,166.3699951171875,162.68699645996094,163.7050018310547,55812000,AMZN,Tech,-0.00898181649254694
5718,2022-03-24 00:00:00+00:00,163.64950561523438,163.64950561523438,164.11849975585938,160.0500030517578,163.74949645996094,56798000,AMZN,Tech,0.001477901005191189
5719,2022-03-25 00:00:00+00:00,164.77349853515625,164.77349853515625,165.36849975585938,162.25,164.0,49032000,AMZN,Tech,0.006868294014676454
5720,2022-03-28 00:00:00+00:00,168.99049377441406,168.99049377441406,169.03750610351562,164.89999389648438,164.97500610351562,59854000,AMZN,Tech,0.025592678900108867
5721,2022-03-29 00:00:00+00:00,169.31500244140625,169.31500244140625,170.8314971923828,167.86849975585938,170.38400268554688,66154000,AMZN,Tech,0.0019202776425126915
5722,2022-03-30 00:00:00+00:00,166.30099487304688,166.30099487304688,168.95050048828125,165.5,168.50950622558594,56168000,AMZN,Tech,-0.01780118433038687
5723,2022-03-31 00:00:00+00:00,162.99749755859375,162.99749755859375,166.4949951171875,162.95350646972656,166.44500732421875,59966000,AMZN,Tech,-0.01986456735857169
5724,2022-04-01 00:00:00+00:00,163.55999755859375,163.55999755859375,165.82699584960938,162.3195037841797,164.14950561523438,57090000,AMZN,Tech,0.0034509732261244963
5725,2022-04-04 00:00:00+00:00,168.34649658203125,168.34649658203125,168.39450073242188,163.20550537109375,164.125,49882000,AMZN,Tech,0.02926448456153091
5726,2022-04-05 00:00:00+00:00,164.05499267578125,164.05499267578125,168.11050415039062,163.26600646972656,167.7415008544922,53728000,AMZN,Tech,-0.025492089193307636
5727,2022-04-06 00:00:00+00:00,158.75599670410156,158.75599670410156,162.1999969482422,157.25450134277344,161.65049743652344,79056000,AMZN,Tech,-0.03230012013198521
5728,2022-04-07 00:00:00+00:00,157.7845001220703,157.7845001220703,160.07899475097656,154.51150512695312,158.39999389648438,68136000,AMZN,Tech,-0.006119432350275123
5729,2022-04-08 00:00:00+00:00,154.4604949951172,154.4604949951172,157.36849975585938,154.2310028076172,156.75,46002000,AMZN,Tech,-0.02106674055044381
5730,2022-04-11 00:00:00+00:00,151.1219940185547,151.1219940185547,154.13650512695312,150.5345001220703,152.71299743652344,52112000,AMZN,Tech,-0.021613947156313575
5731,2022-04-12 00:00:00+00:00,150.78750610351562,150.78750610351562,155.0989990234375,150.38299560546875,153.6925048828125,55178000,AMZN,Tech,-0.0022133635624076945
5732,2022-04-13 00:00:00+00:00,155.54100036621094,155.54100036621094,156.02499389648438,149.60000610351562,150.01849365234375,53390000,AMZN,Tech,0.03152445706895662
5733,2022-04-14 00:00:00+00:00,151.7064971923828,151.7064971923828,155.89700317382812,151.4720001220703,155.38999938964844,51598000,AMZN,Tech,-0.024652684274885994
5734,2022-04-18 00:00:00+00:00,152.78500366210938,152.78500366210938,154.0395050048828,150.25050354003906,151.52349853515625,46514000,AMZN,Tech,0.0071091646678710235
5735,2022-04-19 00:00:00+00:00,158.11549377441406,158.11549377441406,158.6490020751953,151.55050659179688,152.0294952392578,54926000,AMZN,Tech,0.03488883060861978
5736,2022-04-20 00:00:00+00:00,153.9980010986328,153.9980010986328,157.6024932861328,153.60350036621094,157.6024932861328,59630000,AMZN,Tech,-0.026041044919075062
5737,2022-04-21 00:00:00+00:00,148.29600524902344,148.29600524902344,156.73800659179688,147.58949279785156,154.71400451660156,63970000,AMZN,Tech,-0.037026427673936844
5738,2022-04-22 00:00:00+00:00,144.35000610351562,144.35000610351562,149.61500549316406,143.69749450683594,148.25,73078000,AMZN,Tech,-0.026608937569704345
5739,2022-04-25 00:00:00+00:00,146.07400512695312,146.07400512695312,146.22149658203125,142.30650329589844,144.0229949951172,61874000,AMZN,Tech,0.011943186356370457
5740,2022-04-26 00:00:00+00:00,139.39100646972656,139.39100646972656,144.8560028076172,138.92950439453125,144.8000030517578,77530000,AMZN,Tech,-0.045750773051087074
5741,2022-04-27 00:00:00+00:00,138.16700744628906,138.16700744628906,141.94850158691406,135.7834930419922,140.19149780273438,71336000,AMZN,Tech,-0.008781047317448939
5742,2022-04-28 00:00:00+00:00,144.59649658203125,144.59649658203125,145.9375,140.3000030517578,142.17799377441406,117316000,AMZN,Tech,0.04653418536434309
5743,2022-04-29 00:00:00+00:00,124.28150177001952,124.28150177001952,130.76100158691406,121.625,129.8489990234375,272662000,AMZN,Tech,-0.14049437774923407
5744,2022-05-02 00:00:00+00:00,124.5,124.5,124.66799926757812,118.375,122.4010009765625,148788000,AMZN,Tech,0.0017580913238786707
5745,2022-05-03 00:00:00+00:00,124.25350189208984,124.25350189208984,126.22049713134766,122.8249969482422,124.05349731445312,79134000,AMZN,Tech,-0.0019799044812060743
5746,2022-05-04 00:00:00+00:00,125.92849731445312,125.92849731445312,126.0,119.18299865722656,123.5999984741211,110746000,AMZN,Tech,0.013480468532934876
5747,2022-05-05 00:00:00+00:00,116.40699768066406,116.40699768066406,123.4990005493164,115.07250213623048,123.0,144392000,AMZN,Tech,-0.0756103649042452
5748,2022-05-06 00:00:00+00:00,114.77249908447266,114.77249908447266,119.05049896240234,113.0814971923828,114.8499984741211,124260000,AMZN,Tech,-0.014041240035030185
5749,2022-05-09 00:00:00+00:00,108.78900146484376,108.78900146484376,114.0,107.95700073242188,111.3125,128124000,AMZN,Tech,-0.052133548257279234
5750,2022-05-10 00:00:00+00:00,108.85900115966795,108.85900115966795,112.64250183105467,107.1709976196289,111.25,105434000,AMZN,Tech,0.0006434445934942368
5751,2022-05-11 00:00:00+00:00,105.37200164794922,105.37200164794922,110.15599822998048,104.42849731445312,108.10350036621094,109704000,AMZN,Tech,-0.032032257090106965
5752,2022-05-12 00:00:00+00:00,106.93049621582033,106.93049621582033,110.78050231933594,102.40550231933594,102.75,132026000,AMZN,Tech,0.014790404884573434
5753,2022-05-13 00:00:00+00:00,113.05500030517578,113.05500030517578,113.18399810791016,107.8000030517578,109.06900024414062,93684000,AMZN,Tech,0.05727556035084906
5754,2022-05-16 00:00:00+00:00,110.8105010986328,110.8105010986328,113.99250030517578,110.35399627685548,113.0999984741211,74566000,AMZN,Tech,-0.019853161739722073
5755,2022-05-17 00:00:00+00:00,115.36849975585938,115.36849975585938,115.8000030517578,111.27649688720705,113.2750015258789,76448000,AMZN,Tech,0.0411332735799966
5756,2022-05-18 00:00:00+00:00,107.1125030517578,107.1125030517578,112.85299682617188,106.2490005493164,111.4394989013672,108380000,AMZN,Tech,-0.07156196640827227
5757,2022-05-19 00:00:00+00:00,107.31900024414062,107.31900024414062,110.03399658203124,106.19300079345705,106.28050231933594,88142000,AMZN,Tech,0.0019278532990966075
5758,2022-05-20 00:00:00+00:00,107.59100341796876,107.59100341796876,109.89800262451172,105.0094985961914,109.56849670410156,99500000,AMZN,Tech,0.002534529516761781
5759,2022-05-23 00:00:00+00:00,107.55699920654295,107.55699920654295,108.81900024414062,103.9499969482422,108.46099853515624,107798000,AMZN,Tech,-0.0003160506951841536
5760,2022-05-24 00:00:00+00:00,104.0999984741211,104.0999984741211,105.4000015258789,101.26000213623048,104.0250015258789,102934000,AMZN,Tech,-0.03214110432537581
5761,2022-05-25 00:00:00+00:00,106.7750015258789,106.7750015258789,108.1750030517578,103.6500015258789,103.65550231933594,93120000,AMZN,Tech,0.02569647541755545
5762,2022-05-26 00:00:00+00:00,111.07749938964844,111.07749938964844,112.66549682617188,107.45349884033205,107.97000122070312,93002000,AMZN,Tech,0.0402949922948654
5763,2022-05-27 00:00:00+00:00,115.14649963378906,115.14649963378906,115.18699645996094,112.62799835205078,113.5500030517578,93660000,AMZN,Tech,0.03663208360378181
5764,2022-05-31 00:00:00+00:00,120.20950317382812,120.20950317382812,121.99449920654295,115.6750030517578,116.27999877929688,144634000,AMZN,Tech,0.04397010379074827
5765,2022-06-01 00:00:00+00:00,121.68399810791016,121.68399810791016,125.1790008544922,120.62249755859376,122.25599670410156,127528000,AMZN,Tech,0.012266042992872601
5766,2022-06-02 00:00:00+00:00,125.51100158691406,125.51100158691406,125.61000061035156,120.04499816894533,121.68399810791016,100560000,AMZN,Tech,0.03145034300738619
5767,2022-06-03 00:00:00+00:00,122.3499984741211,122.3499984741211,124.4000015258789,121.04650115966795,124.1999969482422,97604000,AMZN,Tech,-0.025185068024527173
5768,2022-06-06 00:00:00+00:00,124.79000091552734,124.79000091552734,128.99000549316406,123.80999755859376,125.25,135269000,AMZN,Tech,0.01994280728922402
5769,2022-06-07 00:00:00+00:00,123.0,123.0,124.0999984741211,120.62999725341795,122.01000213623048,85156700,AMZN,Tech,-0.014344105316090417
5770,2022-06-08 00:00:00+00:00,121.18000030517578,121.18000030517578,123.75,120.75,122.61000061035156,64926600,AMZN,Tech,-0.014796745486375763
5771,2022-06-09 00:00:00+00:00,116.1500015258789,116.1500015258789,121.3000030517578,116.0999984741211,119.98999786376952,67029800,AMZN,Tech,-0.04150848957443051
5772,2022-06-10 00:00:00+00:00,109.6500015258789,109.6500015258789,114.5,109.0500030517578,113.41999816894533,87266000,AMZN,Tech,-0.05596211721574331
5773,2022-06-13 00:00:00+00:00,103.66999816894533,103.66999816894533,106.54000091552734,101.86000061035156,104.19000244140624,99277700,AMZN,Tech,-0.05453719355874534
5774,2022-06-14 00:00:00+00:00,102.30999755859376,102.30999755859376,104.87999725341795,101.43000030517578,104.19000244140624,69728800,AMZN,Tech,-0.013118555361940336
5775,2022-06-15 00:00:00+00:00,107.66999816894533,107.66999816894533,109.05999755859376,103.52999877929688,103.86000061035156,85011100,AMZN,Tech,0.052389802934770344
5776,2022-06-16 00:00:00+00:00,103.66000366210938,103.66000366210938,104.58000183105467,102.01000213623048,104.47000122070312,82186300,AMZN,Tech,-0.03724337861085367
5777,2022-06-17 00:00:00+00:00,106.22000122070312,106.22000122070312,106.9800033569336,102.51000213623048,102.8000030517578,99772100,AMZN,Tech,0.024696097512579007
5778,2022-06-21 00:00:00+00:00,108.68000030517578,108.68000030517578,111.62999725341795,103.55999755859376,108.1999969482422,70901200,AMZN,Tech,0.023159471438540927
5779,2022-06-22 00:00:00+00:00,108.9499969482422,108.9499969482422,112.12999725341795,107.0199966430664,107.43000030517578,60040100,AMZN,Tech,0.002484326852302761
5780,2022-06-23 00:00:00+00:00,112.44000244140624,112.44000244140624,113.0,107.93000030517578,110.38999938964844,64345300,AMZN,Tech,0.0320330939965239
5781,2022-06-24 00:00:00+00:00,116.45999908447266,116.45999908447266,116.70999908447266,111.43000030517578,112.37999725341795,69867600,AMZN,Tech,0.03575237064906048
5782,2022-06-27 00:00:00+00:00,113.22000122070312,113.22000122070312,117.9800033569336,112.6999969482422,117.08999633789062,62133200,AMZN,Tech,-0.02782069284939152
5783,2022-06-28 00:00:00+00:00,107.4000015258789,107.4000015258789,114.8499984741211,107.04000091552734,113.5,74942900,AMZN,Tech,-0.05140434227234391
5784,2022-06-29 00:00:00+00:00,108.91999816894533,108.91999816894533,110.98999786376952,106.91000366210938,107.37999725341795,66375300,AMZN,Tech,0.014152668728781768
5785,2022-06-30 00:00:00+00:00,106.20999908447266,106.20999908447266,108.18000030517578,102.5199966430664,108.11000061035156,97679400,AMZN,Tech,-0.02488063835870804
5786,2022-07-01 00:00:00+00:00,109.55999755859376,109.55999755859376,109.75,105.8499984741211,106.29000091552734,73021200,AMZN,Tech,0.031541272036512615
5787,2022-07-05 00:00:00+00:00,113.5,113.5,114.08000183105467,106.31999969482422,107.5999984741211,76583700,AMZN,Tech,0.03596205302303958
5788,2022-07-06 00:00:00+00:00,114.33000183105467,114.33000183105467,115.4800033569336,112.01000213623048,113.20999908447266,66958900,AMZN,Tech,0.007312791463036769
5789,2022-07-07 00:00:00+00:00,116.33000183105467,116.33000183105467,116.98999786376952,113.48999786376952,113.8499984741211,57872300,AMZN,Tech,0.01749322109655345
5790,2022-07-08 00:00:00+00:00,115.54000091552734,115.54000091552734,116.58000183105467,113.69000244140624,114.5999984741211,45719700,AMZN,Tech,-0.006791033294013378
5791,2022-07-11 00:00:00+00:00,111.75,111.75,114.3000030517578,110.87000274658205,114.08000183105467,53487600,AMZN,Tech,-0.03280250030721618
5792,2022-07-12 00:00:00+00:00,109.22000122070312,109.22000122070312,113.2300033569336,108.33999633789062,112.16000366210938,54280300,AMZN,Tech,-0.022639810105564876
5793,2022-07-13 00:00:00+00:00,110.4000015258789,110.4000015258789,111.77999877929688,106.01000213623048,107.02999877929688,61353800,AMZN,Tech,0.010803884746268498
5794,2022-07-14 00:00:00+00:00,110.62999725341795,110.62999725341795,111.18000030517578,107.58000183105467,110.23999786376952,51163100,AMZN,Tech,0.0020832946047118933
5795,2022-07-15 00:00:00+00:00,113.5500030517578,113.5500030517578,115.58999633789062,111.58999633789062,112.5,84317800,AMZN,Tech,0.026394340331140423
5796,2022-07-18 00:00:00+00:00,113.76000213623048,113.76000213623048,117.23999786376952,113.1500015258789,115.0,59115400,AMZN,Tech,0.001849397435744356
5797,2022-07-19 00:00:00+00:00,118.20999908447266,118.20999908447266,118.9499969482422,114.02999877929688,115.6999969482422,60990000,AMZN,Tech,0.03911741266419096
5798,2022-07-20 00:00:00+00:00,122.7699966430664,122.7699966430664,123.4800033569336,118.31999969482422,118.62000274658205,71268300,AMZN,Tech,0.038575396277054225
5799,2022-07-21 00:00:00+00:00,124.62999725341795,124.62999725341795,124.8499984741211,121.26000213623048,123.1999969482422,60239900,AMZN,Tech,0.01515028639903929
5800,2022-07-22 00:00:00+00:00,122.41999816894533,122.41999816894533,125.5,121.3499984741211,125.01000213623048,51463800,AMZN,Tech,-0.017732481209791724
5801,2022-07-25 00:00:00+00:00,121.13999938964844,121.13999938964844,123.63999938964844,120.02999877929688,122.6999969482422,50221300,AMZN,Tech,-0.010455798059483965
5802,2022-07-26 00:00:00+00:00,114.80999755859376,114.80999755859376,118.1500015258789,114.52999877929688,115.79000091552734,67075100,AMZN,Tech,-0.05225360626504659
5803,2022-07-27 00:00:00+00:00,120.97000122070312,120.97000122070312,121.9000015258789,117.16000366210938,117.30999755859376,61582000,AMZN,Tech,0.05365389594199388
5804,2022-07-28 00:00:00+00:00,122.27999877929688,122.27999877929688,122.83999633789062,118.08000183105467,121.56999969482422,82245500,AMZN,Tech,0.010829110898360094
5805,2022-07-29 00:00:00+00:00,134.9499969482422,134.9499969482422,137.64999389648438,132.41000366210938,134.89999389648438,148892900,AMZN,Tech,0.10361464095050726
5806,2022-08-01 00:00:00+00:00,135.38999938964844,135.38999938964844,138.8300018310547,133.50999450683594,134.9600067138672,76846900,AMZN,Tech,0.003260485004493965
5807,2022-08-02 00:00:00+00:00,134.16000366210938,134.16000366210938,137.44000244140625,134.08999633789062,134.72000122070312,61922400,AMZN,Tech,-0.009084834427092145
5808,2022-08-03 00:00:00+00:00,139.52000427246094,139.52000427246094,140.49000549316406,136.0500030517578,136.2100067138672,71827800,AMZN,Tech,0.039952299225118316
5809,2022-08-04 00:00:00+00:00,142.57000732421875,142.57000732421875,143.55999755859375,139.5500030517578,140.5800018310547,70585000,AMZN,Tech,0.021860686341448422
5810,2022-08-05 00:00:00+00:00,140.8000030517578,140.8000030517578,142.86000061035156,139.60000610351562,140.10000610351562,50686900,AMZN,Tech,-0.012414983387324706
5811,2022-08-08 00:00:00+00:00,139.41000366210938,139.41000366210938,144.22999572753906,138.2899932861328,142.0500030517578,52229000,AMZN,Tech,-0.009872154542052647
5812,2022-08-09 00:00:00+00:00,137.8300018310547,137.8300018310547,138.9499969482422,136.2100067138672,138.0500030517578,40434700,AMZN,Tech,-0.011333489631663503
5813,2022-08-10 00:00:00+00:00,142.69000244140625,142.69000244140625,144.60000610351562,141.00999450683594,142.89999389648438,54773800,AMZN,Tech,0.03526083251677465
5814,2022-08-11 00:00:00+00:00,140.63999938964844,140.63999938964844,144.49000549316406,139.75999450683594,143.86000061035156,44867300,AMZN,Tech,-0.01436683030823844
5815,2022-08-12 00:00:00+00:00,143.5500030517578,143.5500030517578,143.57000732421875,140.1199951171875,142.0500030517578,47643500,AMZN,Tech,0.020691152408548436
5816,2022-08-15 00:00:00+00:00,143.17999267578125,143.17999267578125,143.75999450683594,141.49000549316406,142.8000030517578,39014600,AMZN,Tech,-0.002577571355697938
5817,2022-08-16 00:00:00+00:00,144.77999877929688,144.77999877929688,146.57000732421875,142.0,143.91000366210938,59102900,AMZN,Tech,0.0111747882760317
5818,2022-08-17 00:00:00+00:00,142.10000610351562,142.10000610351562,143.3800048828125,140.77999877929688,142.69000244140625,48149800,AMZN,Tech,-0.01851079360669591
5819,2022-08-18 00:00:00+00:00,142.3000030517578,142.3000030517578,142.77000427246094,140.3800048828125,141.32000732421875,37458700,AMZN,Tech,0.0014074379989575487
5820,2022-08-19 00:00:00+00:00,138.22999572753906,138.22999572753906,141.11000061035156,137.91000366210938,140.47000122070312,47792800,AMZN,Tech,-0.02860159688639215
5821,2022-08-22 00:00:00+00:00,133.22000122070312,133.22000122070312,136.32000732421875,132.85000610351562,135.72000122070312,50461500,AMZN,Tech,-0.03624390263825939
5822,2022-08-23 00:00:00+00:00,133.6199951171875,133.6199951171875,134.99000549316406,132.9499969482422,133.41000366210938,36252100,AMZN,Tech,0.0030025063265215896
5823,2022-08-24 00:00:00+00:00,133.8000030517578,133.8000030517578,135.47000122070312,132.10000610351562,132.75,38627000,AMZN,Tech,0.0013471631578226134
5824,2022-08-25 00:00:00+00:00,137.27999877929688,137.27999877929688,137.4199981689453,134.27999877929688,135.25999450683594,37496300,AMZN,Tech,0.026008936084948347
5825,2022-08-26 00:00:00+00:00,130.75,130.75,137.8300018310547,130.5,136.5500030517578,53322700,AMZN,Tech,-0.047567007847917175
5826,2022-08-29 00:00:00+00:00,129.7899932861328,129.7899932861328,131.9499969482422,128.77000427246094,129.89999389648438,48101600,AMZN,Tech,-0.007342307563037763
5827,2022-08-30 00:00:00+00:00,128.72999572753906,128.72999572753906,132.07000732421875,126.8499984741211,131.25,49203000,AMZN,Tech,-0.008167020675137084
5828,2022-08-31 00:00:00+00:00,126.7699966430664,126.7699966430664,130.58999633789062,126.73999786376952,129.4499969482422,53648700,AMZN,Tech,-0.015225659516225369
5829,2022-09-01 00:00:00+00:00,127.81999969482422,127.81999969482422,128.02000427246094,123.66000366210938,126.0,56636100,AMZN,Tech,0.008282741023605144
5830,2022-09-02 00:00:00+00:00,127.51000213623048,127.51000213623048,131.3800048828125,126.38999938964844,129.5,57429800,AMZN,Tech,-0.0024252664632598057
5831,2022-09-06 00:00:00+00:00,126.11000061035156,126.11000061035156,128.6199951171875,124.73999786376952,127.91999816894533,43888600,AMZN,Tech,-0.010979542799969308
5832,2022-09-07 00:00:00+00:00,129.47999572753906,129.47999572753906,129.82000732421875,125.4000015258789,126.12000274658205,47900300,AMZN,Tech,0.026722663554652925
5833,2022-09-08 00:00:00+00:00,129.82000732421875,129.82000732421875,130.27999877929688,127.0999984741211,127.72000122070312,43988500,AMZN,Tech,0.0026259778181887176
5834,2022-09-09 00:00:00+00:00,133.27000427246094,133.27000427246094,133.69000244140625,130.75999450683594,130.91000366210938,49387600,AMZN,Tech,0.0265752330426696
5835,2022-09-12 00:00:00+00:00,136.4499969482422,136.4499969482422,136.49000549316406,134.0,134.10000610351562,53826900,AMZN,Tech,0.023861278411006753
5836,2022-09-13 00:00:00+00:00,126.81999969482422,126.81999969482422,131.39999389648438,126.2699966430664,131.00999450683594,72694000,AMZN,Tech,-0.07057528375812856
5837,2022-09-14 00:00:00+00:00,128.5500030517578,128.5500030517578,128.83999633789062,126.33000183105467,127.36000061035156,45316800,AMZN,Tech,0.013641407988460977
5838,2022-09-15 00:00:00+00:00,126.27999877929688,126.27999877929688,130.3699951171875,125.5,127.37999725341795,52887200,AMZN,Tech,-0.017658531455242134
5839,2022-09-16 00:00:00+00:00,123.52999877929688,123.52999877929688,123.87000274658205,120.6999969482422,122.77999877929688,115667800,AMZN,Tech,-0.021777003694830984
5840,2022-09-19 00:00:00+00:00,124.66000366210938,124.66000366210938,124.70999908447266,121.8000030517578,122.16000366210938,47279700,AMZN,Tech,0.009147615105472537
5841,2022-09-20 00:00:00+00:00,122.19000244140624,122.19000244140624,124.4000015258789,121.13999938964844,123.3499984741211,47698400,AMZN,Tech,-0.01981390300130322
5842,2022-09-21 00:00:00+00:00,118.54000091552734,118.54000091552734,123.76000213623048,118.4499969482422,122.48999786376952,58498900,AMZN,Tech,-0.02987152347123634
5843,2022-09-22 00:00:00+00:00,117.30999755859376,117.30999755859376,118.79000091552734,116.26000213623048,117.08000183105467,55229200,AMZN,Tech,-0.010376272544574138
5844,2022-09-23 00:00:00+00:00,113.77999877929688,113.77999877929688,116.0500030517578,112.05999755859376,116.0,65126700,AMZN,Tech,-0.030091201540889408
5845,2022-09-26 00:00:00+00:00,115.1500015258789,115.1500015258789,117.33999633789062,113.12999725341795,113.3000030517578,62723300,AMZN,Tech,0.012040804722097726
5846,2022-09-27 00:00:00+00:00,114.41000366210938,114.41000366210938,118.31999969482422,113.0500030517578,117.1999969482422,60094700,AMZN,Tech,-0.006426381710496317
5847,2022-09-28 00:00:00+00:00,118.01000213623048,118.01000213623048,118.6999969482422,113.8000030517578,114.37999725341795,55763800,AMZN,Tech,0.031465766619089494
5848,2022-09-29 00:00:00+00:00,114.8000030517578,114.8000030517578,116.06999969482422,113.05999755859376,115.5999984741211,58969700,AMZN,Tech,-0.027201076403397306
5849,2022-09-30 00:00:00+00:00,113.0,113.0,116.91999816894533,112.83999633789062,114.08000183105467,59479600,AMZN,Tech,-0.01567946867515555
5850,2022-10-03 00:00:00+00:00,115.87999725341795,115.87999725341795,116.91000366210938,112.4499969482422,113.58000183105467,50941900,AMZN,Tech,0.025486701357681014
5851,2022-10-04 00:00:00+00:00,121.08999633789062,121.08999633789062,123.0,119.79000091552734,119.88999938964844,62812600,AMZN,Tech,0.04496029692750962
5852,2022-10-05 00:00:00+00:00,120.9499969482422,120.9499969482422,121.75,117.69000244140624,118.58000183105467,48217500,AMZN,Tech,-0.0011561598305591466
5853,2022-10-06 00:00:00+00:00,120.3000030517578,120.3000030517578,121.52999877929688,119.5,120.7699966430664,42253800,AMZN,Tech,-0.005374071210291585
5854,2022-10-07 00:00:00+00:00,114.55999755859376,114.55999755859376,118.16999816894533,113.87999725341795,118.0,54678000,AMZN,Tech,-0.04771409266460665
5855,2022-10-10 00:00:00+00:00,113.66999816894533,113.66999816894533,116.25,112.43000030517578,115.0999984741211,42339700,AMZN,Tech,-0.007768849586377054
5856,2022-10-11 00:00:00+00:00,112.20999908447266,112.20999908447266,115.4800033569336,110.38999938964844,112.70999908447266,56432200,AMZN,Tech,-0.012844190270001629
5857,2022-10-12 00:00:00+00:00,112.9000015258789,112.9000015258789,113.83000183105467,111.4000015258789,112.48999786376952,45728700,AMZN,Tech,0.0061492063723020815
5858,2022-10-13 00:00:00+00:00,112.52999877929688,112.52999877929688,113.44000244140624,105.3499984741211,107.87999725341795,86868100,AMZN,Tech,-0.003277260775742499
5859,2022-10-14 00:00:00+00:00,106.9000015258789,106.9000015258789,114.95999908447266,106.5999984741211,114.0999984741211,67737300,AMZN,Tech,-0.05003107895219998
5860,2022-10-17 00:00:00+00:00,113.79000091552734,113.79000091552734,114.19000244140624,110.08999633789062,110.11000061035156,62782000,AMZN,Tech,0.06445275295885258
5861,2022-10-18 00:00:00+00:00,116.36000061035156,116.36000061035156,119.5199966430664,114.79000091552734,119.05999755859376,65607400,AMZN,Tech,0.02258546158842263
5862,2022-10-19 00:00:00+00:00,115.06999969482422,115.06999969482422,116.58999633789062,113.22000122070312,114.70999908447266,47198100,AMZN,Tech,-0.01108629175628058
5863,2022-10-20 00:00:00+00:00,115.25,115.25,118.23999786376952,113.51000213623048,113.83000183105467,48795100,AMZN,Tech,0.0015642678860967926
5864,2022-10-21 00:00:00+00:00,119.31999969482422,119.31999969482422,119.58999633789062,114.5,114.79000091552734,55660500,AMZN,Tech,0.03531453097461361
5865,2022-10-24 00:00:00+00:00,119.81999969482422,119.81999969482422,120.38999938964844,116.56999969482422,119.9800033569336,49531500,AMZN,Tech,0.0041904123472914214
5866,2022-10-25 00:00:00+00:00,120.5999984741211,120.5999984741211,121.31999969482422,118.9499969482422,119.6500015258789,50934600,AMZN,Tech,0.006509754475742734
5867,2022-10-26 00:00:00+00:00,115.66000366210938,115.66000366210938,119.3499984741211,114.76000213623048,116.0,68802300,AMZN,Tech,-0.04096181487988796
5868,2022-10-27 00:00:00+00:00,110.95999908447266,110.95999908447266,114.12000274658205,109.7699966430664,113.91999816894533,129605400,AMZN,Tech,-0.04063638620803932
5869,2022-10-28 00:00:00+00:00,103.41000366210938,103.41000366210938,103.95999908447266,97.66000366210938,97.91000366210938,223133400,AMZN,Tech,-0.0680424971580574
5870,2022-10-31 00:00:00+00:00,102.44000244140624,102.44000244140624,104.87000274658205,100.73999786376952,103.55999755859376,99251400,AMZN,Tech,-0.009380148789788302
5871,2022-11-01 00:00:00+00:00,96.79000091552734,96.79000091552734,104.58000183105467,96.05999755859376,103.98999786376952,153370000,AMZN,Tech,-0.05515425020719408
5872,2022-11-02 00:00:00+00:00,92.12000274658205,92.12000274658205,97.73999786376952,92.01000213623048,97.31999969482422,135761800,AMZN,Tech,-0.048248766657425696
5873,2022-11-03 00:00:00+00:00,89.30000305175781,89.30000305175781,93.5,89.0199966430664,92.47000122070312,136683300,AMZN,Tech,-0.03061224067244032
5874,2022-11-04 00:00:00+00:00,90.9800033569336,90.9800033569336,92.44000244140624,88.04000091552734,91.48999786376952,129101300,AMZN,Tech,0.01881299269611516
5875,2022-11-07 00:00:00+00:00,90.52999877929688,90.52999877929688,92.0999984741211,89.04000091552734,91.9499969482422,77495700,AMZN,Tech,-0.00494619214148912
5876,2022-11-08 00:00:00+00:00,89.9800033569336,89.9800033569336,91.72000122070312,88.2300033569336,90.79000091552734,88703400,AMZN,Tech,-0.006075283660437413
5877,2022-11-09 00:00:00+00:00,86.13999938964844,86.13999938964844,89.4800033569336,85.87000274658203,89.47000122070312,90796200,AMZN,Tech,-0.042676192754212174
5878,2022-11-10 00:00:00+00:00,96.62999725341795,96.62999725341795,98.69000244140624,91.6500015258789,92.94000244140624,173414900,AMZN,Tech,0.12177847617944278
5879,2022-11-11 00:00:00+00:00,100.79000091552734,100.79000091552734,101.19000244140624,96.66000366210938,97.87999725341795,111590500,AMZN,Tech,0.043050851499038444
5880,2022-11-14 00:00:00+00:00,98.48999786376952,98.48999786376952,100.12000274658205,97.29000091552734,98.7699966430664,99533100,AMZN,Tech,-0.022819754250081533
5881,2022-11-15 00:00:00+00:00,98.94000244140624,98.94000244140624,103.79000091552734,97.33999633789062,103.20999908447266,111336300,AMZN,Tech,0.004569038353104252
5882,2022-11-16 00:00:00+00:00,97.12000274658205,97.12000274658205,98.48999786376952,95.54000091552734,96.8499984741211,87958800,AMZN,Tech,-0.01839498332236268
5883,2022-11-17 00:00:00+00:00,94.8499984741211,94.8499984741211,96.97000122070312,94.02999877929688,95.37000274658205,82617900,AMZN,Tech,-0.02337318995330074
5884,2022-11-18 00:00:00+00:00,94.13999938964844,94.13999938964844,95.98999786376952,92.4800033569336,95.9499969482422,72428200,AMZN,Tech,-0.007485493894513584
5885,2022-11-21 00:00:00+00:00,92.45999908447266,92.45999908447266,95.0199966430664,90.58999633789062,93.97000122070312,84330300,AMZN,Tech,-0.017845764989037304
5886,2022-11-22 00:00:00+00:00,93.1999969482422,93.1999969482422,93.3499984741211,90.87000274658205,92.62000274658205,62192000,AMZN,Tech,0.008003437930963787
5887,2022-11-23 00:00:00+00:00,94.12999725341795,94.12999725341795,94.58000183105467,92.83000183105467,93.23999786376952,59414700,AMZN,Tech,0.009978544373689415
5888,2022-11-25 00:00:00+00:00,93.41000366210938,93.41000366210938,94.43000030517578,93.06999969482422,93.79000091552734,35088600,AMZN,Tech,-0.007648928209040565
5889,2022-11-28 00:00:00+00:00,93.9499969482422,93.9499969482422,96.4000015258789,93.43000030517578,93.93000030517578,74943100,AMZN,Tech,0.005780893533482093
5890,2022-11-29 00:00:00+00:00,92.41999816894533,92.41999816894533,94.41000366210938,91.44000244140624,94.04000091552734,65567300,AMZN,Tech,-0.01628524565189463
5891,2022-11-30 00:00:00+00:00,96.54000091552734,96.54000091552734,96.54000091552734,91.52999877929688,92.47000122070312,102805800,AMZN,Tech,0.04457912603558574
5892,2022-12-01 00:00:00+00:00,95.5,95.5,97.2300033569336,94.91999816894533,96.98999786376952,68488000,AMZN,Tech,-0.010772746070691943
5893,2022-12-02 00:00:00+00:00,94.12999725341795,94.12999725341795,95.36000061035156,93.77999877929688,94.4800033569336,72496400,AMZN,Tech,-0.014345578498241314
5894,2022-12-05 00:00:00+00:00,91.01000213623048,91.01000213623048,94.05999755859376,90.81999969482422,93.0500030517578,71535500,AMZN,Tech,-0.03314559872755315
5895,2022-12-06 00:00:00+00:00,88.25,88.25,91.04000091552734,87.9000015258789,90.5,75503600,AMZN,Tech,-0.030326360525726702
5896,2022-12-07 00:00:00+00:00,88.45999908447266,88.45999908447266,89.88999938964844,87.4800033569336,88.33999633789062,68086900,AMZN,Tech,0.0023795930251859065
5897,2022-12-08 00:00:00+00:00,90.3499984741211,90.3499984741211,90.86000061035156,87.87999725341797,89.23999786376953,73305900,AMZN,Tech,0.021365582288143933
5898,2022-12-09 00:00:00+00:00,89.08999633789062,89.08999633789062,90.3000030517578,88.62999725341797,88.9000015258789,67398500,AMZN,Tech,-0.013945790343221428
5899,2022-12-12 00:00:00+00:00,90.5500030517578,90.5500030517578,90.58000183105467,87.87000274658203,89.20999908447266,61999800,AMZN,Tech,0.016387998359881195
5900,2022-12-13 00:00:00+00:00,92.48999786376952,92.48999786376952,96.25,90.5199966430664,95.2300033569336,100212000,AMZN,Tech,0.021424569261503285
5901,2022-12-14 00:00:00+00:00,91.58000183105467,91.58000183105467,93.45999908447266,89.87000274658203,92.5,70298000,AMZN,Tech,-0.009838858835905654
5902,2022-12-15 00:00:00+00:00,88.44999694824219,88.44999694824219,89.97000122070312,87.47000122070312,89.88999938964844,84802900,AMZN,Tech,-0.03417782070573299
5903,2022-12-16 00:00:00+00:00,87.86000061035156,87.86000061035156,89.3499984741211,86.7300033569336,88.2699966430664,146144100,AMZN,Tech,-0.0066703941011537855
5904,2022-12-19 00:00:00+00:00,84.91999816894531,84.91999816894531,87.62999725341797,84.51000213623047,87.51000213623047,83531500,AMZN,Tech,-0.03346235398341054
5905,2022-12-20 00:00:00+00:00,85.19000244140625,85.19000244140625,86.61000061035156,84.33000183105469,85.33000183105469,74348300,AMZN,Tech,0.003179513404178055
5906,2022-12-21 00:00:00+00:00,86.7699966430664,86.7699966430664,87.2300033569336,85.20999908447266,86.18000030517578,59267200,AMZN,Tech,0.018546709195681473
5907,2022-12-22 00:00:00+00:00,83.79000091552734,83.79000091552734,85.68000030517578,82.25,85.5199966430664,81431300,AMZN,Tech,-0.034343619255829336
5908,2022-12-23 00:00:00+00:00,85.25,85.25,85.77999877929688,82.93000030517578,83.25,57433700,AMZN,Tech,0.01742450254827602
5909,2022-12-27 00:00:00+00:00,83.04000091552734,83.04000091552734,85.3499984741211,83.0,84.97000122070312,57284000,AMZN,Tech,-0.02592374292636547
5910,2022-12-28 00:00:00+00:00,81.81999969482422,81.81999969482422,83.4800033569336,81.69000244140625,82.80000305175781,58228600,AMZN,Tech,-0.014691729374427325
5911,2022-12-29 00:00:00+00:00,84.18000030517578,84.18000030517578,84.55000305175781,82.55000305175781,82.87000274658203,54995900,AMZN,Tech,0.028843811038303534
5912,2022-12-30 00:00:00+00:00,84.0,84.0,84.05000305175781,82.47000122070312,83.12000274658203,62401200,AMZN,Tech,-0.002138278742257429
